first_name,last_name,birth_date,nationality,position,preferred_foot,overall,potential,pace,shooting,passing,dribbling,defending,physical,market_value,salary,team_short_name,height_cm
Francisco,Evanilson de Lima Barbosa,1999-10-06,Brazil,ST,RIGHT,80,83,76,79,66,77,37,76,31120000,4316000,BOU,183
Antoine,Serlom Semenyo,2000-01-07,Ghana,RW,RIGHT,80,82,80,78,73,81,40,79,29890000,3952000,BOU,185
Đorđe,Petrović,1999-10-08,Serbia,GK,RIGHT,80,85,80,73,73,78,78,82,33590000,2340000,BOU,194
Justin,Dean Kluivert,1999-05-05,Netherlands,CAM,RIGHT,79,81,87,78,76,81,38,62,20260000,4004000,BOU,172
Bafodé,Diakité,2001-01-06,France,CB,RIGHT,79,84,72,46,65,71,79,80,28460000,3224000,BOU,184
Ryan,Christie,1995-02-22,Scotland,CDM,LEFT,79,79,69,70,77,78,74,76,14500000,3900000,BOU,178
Tyler,Shaan Adams,1999-02-14,United States,CDM,RIGHT,79,81,79,56,71,75,79,75,20260000,3744000,BOU,175
Lewis,John Cook,1997-02-03,England,CDM,RIGHT,79,80,69,63,77,77,75,73,19420000,3900000,BOU,175
Marcos,Nicolás Senesi Barón,1997-05-10,Argentina,CB,LEFT,78,78,56,42,70,72,79,75,15750000,3536000,BOU,185
Amine,Adli,2000-05-10,Morocco,ST,LEFT,78,82,84,76,70,82,42,69,23240000,3692000,BOU,174
Adrien,Truffert,2001-11-20,France,LB,LEFT,77,81,76,57,71,75,73,70,19690000,2756000,BOU,176
Enes,Ünal,1997-05-10,Türkiye,ST,RIGHT,77,77,66,79,68,75,40,73,13350000,3744000,BOU,187
Marcus,Joseph Tavernier,1999-03-22,England,LW,LEFT,76,77,75,74,73,78,60,64,11820000,3120000,BOU,178
David,Robert Brooks,1997-07-08,Wales,RW,LEFT,75,75,70,69,74,77,48,58,9590000,2964000,BOU,178
Julián,Vicente Araujo Zúñiga,2001-08-13,Mexico,RB,RIGHT,74,81,83,35,64,70,71,73,13360000,2288000,BOU,176
Alex,Jay Scott,2003-08-21,England,CAM,RIGHT,74,83,71,62,73,79,65,68,17120000,2080000,BOU,178
Eli,Junior Eric Anat Kroupi,2006-06-23,France,ST,RIGHT,74,85,80,74,68,78,47,57,18220000,2132000,BOU,179
Adam,James Smith,1991-04-29,England,RB,RIGHT,73,73,60,59,70,70,73,68,3990000,2496000,BOU,180
James,Clayton Hill,2002-01-10,England,CB,RIGHT,71,77,66,39,59,62,71,72,7850000,1664000,BOU,184
Alejandro,Jiménez Sánchez,2005-05-08,Spain,RB,RIGHT,71,80,84,52,61,71,67,55,10420000,936000,BOU,171
Ben,Gannon Doak,2005-11-11,Scotland,RW,RIGHT,71,85,89,61,63,75,28,60,12090000,1404000,BOU,176
Veljko,Milosavljević,2007-06-28,Serbia,CB,RIGHT,70,84,53,39,54,55,69,75,10250000,1092000,BOU,192
Julio,César Soler Barreto,2005-02-16,Argentina,LB,LEFT,68,79,75,46,60,67,65,60,6750000,988000,BOU,175
William,Jonathan Dennis,2000-07-10,England,GK,RIGHT,67,72,70,63,63,65,66,69,3910000,624000,BOU,188
Owen,Lucas Bevan,2003-10-26,Wales,CB,RIGHT,62,72,60,33,43,47,62,63,2420000,468000,BOU,186
Callan,McKenna,2006-12-22,Scotland,GK,RIGHT,57,76,56,55,55,55,56,56,1360000,180000,BOU,188
Matai,Akinmboni,2006-10-17,United States,CB,LEFT,55,74,54,25,36,38,56,60,970000,260000,BOU,190
Bukayo,Saka,2001-09-05,England,RW,LEFT,88,90,84,82,85,88,60,73,112330000,11960000,ARS,178
Gabriel,dos Santos Magalhães,1997-12-19,Brazil,CB,LEFT,88,88,64,44,64,65,88,84,82450000,11960000,ARS,190
William,Alain André Gabriel Saliba,2001-03-24,France,CB,RIGHT,87,89,77,39,68,72,87,83,95200000,9360000,ARS,193
David,Raya Martín,1995-09-15,Spain,GK,RIGHT,87,87,86,87,87,84,85,87,69870000,7540000,ARS,183
Viktor,Einar Gyökeres,1998-06-04,Sweden,ST,RIGHT,87,88,90,86,73,81,36,91,73010000,12480000,ARS,189
Martin,Ødegaard,1998-12-17,Norway,CM,LEFT,87,89,68,79,88,87,67,65,76160000,11440000,ARS,178
Declan,Rice,1999-01-14,England,CDM,RIGHT,87,88,72,73,84,80,83,83,73010000,10920000,ARS,185
Eberechi,Oluchi Eze,1998-06-29,England,CAM,RIGHT,83,84,74,80,81,87,50,68,37660000,8320000,ARS,178
Piero,Martín Hincapié Reyna,2002-01-09,Ecuador,CB,LEFT,83,89,84,41,65,72,84,82,57210000,4212000,ARS,184
Benjamin,William White,1997-10-08,England,RB,RIGHT,83,83,70,35,75,75,83,78,36040000,7800000,ARS,185
Martín,Zubimendi Ibáñez,1999-02-02,Spain,CDM,RIGHT,83,87,66,68,79,79,80,73,42530000,7800000,ARS,180
Leandro,Trossard,1994-12-04,Belgium,LW,RIGHT,83,83,80,81,80,85,30,60,28110000,9100000,ARS,171
Mikel,Merino Zazón,1996-06-22,Spain,CM,LEFT,83,83,63,79,80,80,81,80,36040000,8320000,ARS,189
Jurriën,David Norman Timber,2001-06-17,Netherlands,RB,RIGHT,82,85,76,48,72,77,82,80,43330000,6240000,ARS,179
Kai,Lukas Havertz,1999-06-11,Germany,ST,LEFT,82,84,72,79,78,81,48,74,33290000,8060000,ARS,193
Gabriel,Teodoro Martinelli Silva,2001-06-18,Brazil,LW,RIGHT,81,84,90,77,75,83,46,72,36720000,6500000,ARS,178
Gabriel,Fernando de Jesus,1997-04-03,Brazil,ST,RIGHT,80,80,81,79,74,86,39,71,21930000,7280000,ARS,175
Christian,Thers Nørgaard,1994-03-10,Denmark,CDM,RIGHT,80,80,49,65,74,71,79,79,17110000,6500000,ARS,187
Chukwunonso,Tristan Madueke,2002-03-10,England,RW,LEFT,80,84,88,75,74,83,45,69,32350000,5980000,ARS,182
Kepa,Arrizabalaga Revuelta,1994-10-03,Spain,GK,RIGHT,79,79,77,82,82,78,77,81,14500000,3952000,ARS,189
Myles,Anthony Lewis-Skelly,2006-09-26,England,LB,LEFT,78,87,76,60,74,77,75,78,33200000,3328000,ARS,178
Riccardo,Calafiori,2002-05-19,Italy,LB,LEFT,78,84,72,66,71,75,77,77,25010000,4524000,ARS,188
Cristhian,Andrey Mosquera Ibarguen,2004-06-27,Spain,CB,RIGHT,77,85,74,46,60,56,78,76,27230000,3588000,ARS,188
Ethan,Chidiebere Nwaneri,2007-03-21,England,RW,LEFT,76,87,82,70,74,78,50,54,25370000,3484000,ARS,176
Youri,Tielemans,1997-05-07,Belgium,CM,RIGHT,85,85,54,79,85,80,75,72,50180000,8840000,AVL,176
Damián,Emiliano Martínez Romero,1992-09-02,Argentina,GK,RIGHT,85,85,83,82,82,82,85,85,39140000,5460000,AVL,195
Oliver,George Arthur Watkins,1995-12-30,England,ST,RIGHT,84,84,77,83,73,80,50,80,42530000,8840000,AVL,180
Boubacar,Bernard Kamara,1999-11-23,France,CDM,RIGHT,83,85,64,55,74,75,83,80,49100000,6500000,AVL,184
Ezri,Konsa Ngoyo,1997-10-23,England,CB,RIGHT,82,83,75,53,71,75,84,78,31920000,6240000,AVL,183
Morgan,Elliot Rogers,2002-07-26,England,CAM,RIGHT,82,86,77,77,79,84,67,79,45050000,5720000,AVL,188
John,McGinn,1994-10-18,Scotland,LW,LEFT,81,81,69,77,78,80,77,83,20190000,6240000,AVL,178
Pau,Francisco Torres,1997-01-16,Spain,CB,LEFT,80,80,67,41,75,69,82,73,21930000,5720000,AVL,191
Lucas,Digne,1993-07-20,France,LB,LEFT,80,80,69,68,79,76,77,74,17110000,5720000,AVL,178
Jadon,Malik Sancho,2000-03-25,England,LW,RIGHT,80,82,79,73,77,87,35,58,29890000,4368000,AVL,180
Evann,Guessand,2001-07-01,Côte d'Ivoire,RW,RIGHT,79,84,83,76,73,79,36,77,28460000,4628000,AVL,188
Matthew,Stuart Cash,1997-08-07,Poland,RB,RIGHT,79,79,75,66,71,75,75,76,18590000,5200000,AVL,185
Ian,Ethan Maatsen,2002-03-10,Netherlands,LB,LEFT,79,84,87,65,75,81,73,63,28460000,4420000,AVL,178
Amadou,Zeund Georges Ba Mvom Onana,2001-08-16,Belgium,CDM,RIGHT,79,83,74,62,72,73,78,81,27420000,4420000,AVL,192
Tyrone,Deon Mings,1993-03-13,England,CB,LEFT,78,78,58,44,67,64,78,76,12290000,4940000,AVL,196
Harvey,Scott Elliott,2003-04-04,England,CAM,LEFT,78,84,72,70,77,81,53,50,25010000,3952000,AVL,168
Marco,Bizot,1991-03-10,Netherlands,GK,RIGHT,78,78,78,72,72,75,79,78,9140000,3172000,AVL,193
Ross,Barkley,1993-12-05,England,CM,RIGHT,77,77,53,77,78,76,64,68,10410000,4680000,AVL,186
Emiliano,Buendía Stati,1996-12-25,Argentina,CAM,RIGHT,77,77,66,74,78,81,66,66,13350000,4680000,AVL,172
Victor,Jörgen Nilsson Lindelöf,1994-07-17,Sweden,CB,RIGHT,75,75,50,51,71,67,76,69,7480000,4056000,AVL,187
Andrés,García Robledo,2003-02-07,Spain,RB,RIGHT,73,82,77,64,69,73,68,66,12090000,2808000,AVL,183
Lamare,Trenton Chansey Bogarde,2004-01-05,Netherlands,CDM,RIGHT,71,78,67,48,65,67,69,69,9750000,1924000,AVL,183
Bradley,Burrowes,2008-03-04,England,RW,RIGHT,65,82,86,63,58,66,35,55,4850000,624000,AVL,179
Mikkel,Krogh Damsgaard,2000-07-03,Denmark,CAM,RIGHT,80,83,68,73,82,81,66,67,31120000,3692000,BRE,180
Caoimhín,Odhrán Kelleher,1998-11-23,Republic of Ireland,GK,RIGHT,79,82,77,79,79,76,78,80,21100000,2392000,BRE,188
Nathan,Michael Collins,2001-04-30,Republic of Ireland,CB,RIGHT,79,82,62,31,58,63,80,81,26370000,3224000,BRE,193
Jordan,Brian Henderson,1990-06-17,England,CDM,RIGHT,79,79,65,71,80,74,75,77,10780000,2912000,BRE,182
Kevin,Schade,2001-11-27,Germany,LW,RIGHT,78,83,92,75,70,78,30,68,24120000,3068000,BRE,185
Dango,Aboubacar Faissal Ouattara,2002-02-11,Burkina Faso,LW,LEFT,77,81,85,70,70,78,53,59,19690000,2912000,BRE,177
Sepp,van den Berg,2001-12-20,Netherlands,CB,RIGHT,77,83,72,36,63,66,78,76,21190000,2756000,BRE,192
Ethan,Rupert Pinnock,1993-05-29,Jamaica,CB,LEFT,77,77,60,36,56,61,78,79,10410000,3328000,BRE,194
Mathias,Jensen,1996-01-01,Denmark,CM,RIGHT,77,77,63,65,78,75,70,72,13350000,3484000,BRE,180
Rico,Antonio Henry,1997-07-08,England,LB,LEFT,76,76,86,41,62,75,74,67,11310000,2964000,BRE,170
Keane,William Lewis-Potter,2001-02-22,England,LB,RIGHT,76,79,77,67,72,77,70,64,16050000,2548000,BRE,170
Vitaly,Janelt,1998-05-10,Germany,CM,LEFT,76,77,59,70,73,73,73,78,11820000,3120000,BRE,184
Reiss,Luke Nelson,1999-12-10,England,RW,RIGHT,75,78,76,67,71,78,36,54,13600000,4368000,BRE,175
Igor,Thiago Nascimento Rodrigues,2001-06-26,Brazil,ST,RIGHT,75,79,66,75,54,69,37,78,14140000,2808000,BRE,191
Kristoffer,Vassbakk Köpp Ajer,1998-04-17,Norway,RB,RIGHT,75,76,67,56,65,68,74,81,10020000,2808000,BRE,196
Fábio,Leandro Freitas Gouveia Carvalho,2002-08-30,Portugal,CAM,RIGHT,74,82,75,68,68,77,46,46,13810000,2444000,BRE,170
Ogochukwu,Frank Onyeka,1998-01-01,Nigeria,CM,RIGHT,74,75,74,64,69,74,72,78,8490000,2756000,BRE,183
Aaron,Buchanan Hickey,2002-06-10,Scotland,RB,RIGHT,74,79,71,54,70,73,74,64,12440000,2288000,BRE,185
Michael,Olabode Kayode,2004-07-10,Italy,RB,RIGHT,73,81,74,41,63,72,72,70,14050000,1716000,BRE,179
Antoni-Djibu,Milambo,2005-04-03,Netherlands,CM,RIGHT,73,85,74,67,70,76,60,63,15910000,1820000,BRE,179
Yehor,Yarmoliuk,2004-03-01,Ukraine,CM,RIGHT,71,78,66,65,70,72,67,68,9750000,1508000,BRE,180
Hákon,Rafn Valdimarsson,2001-10-13,Iceland,GK,RIGHT,68,76,68,64,64,65,68,69,5120000,676000,BRE,195
Myles,Spencer Peart-Harris,2002-09-18,England,RW,RIGHT,67,75,69,61,64,66,57,71,4340000,1092000,BRE,187
Edmond-Paris,Maghoma,2001-05-08,England,CM,RIGHT,66,72,64,61,65,70,60,66,3430000,936000,BRE,178
Matthew,Aidan Cox,2003-05-02,England,GK,RIGHT,65,77,67,65,65,63,65,66,3530000,416000,BRE,182
Gustavo,Nunes Fernandes Gomes,2005-11-20,Brazil,LW,RIGHT,65,81,81,61,58,69,31,49,4730000,624000,BRE,173
Ellery,Ronald Balcombe,1999-10-15,England,GK,RIGHT,63,68,64,61,61,62,60,64,2010000,416000,BRE,190
Yunus,Emre Konak,2006-01-10,Türkiye,CDM,RIGHT,62,78,60,45,56,57,58,61,2880000,468000,BRE,181
Benjamin,Arthur,2005-10-09,England,CB,RIGHT,62,80,64,32,44,52,61,68,3030000,468000,BRE,192
Romelle,Donovan,2006-11-30,England,RW,LEFT,61,75,79,55,55,65,29,45,2310000,416000,BRE,171
Julian,Eyestone,2006-04-21,United States,GK,RIGHT,58,77,59,58,58,57,57,58,1600000,180000,BRE,200
Kaoru,Mitoma三笘 薫,1997-05-20,Japan,LW,RIGHT,82,82,87,73,76,86,57,64,30540000,5980000,BHA,178
Carlos,Noom Quomah Baleba,2004-01-03,Cameroon,CDM,LEFT,81,87,74,70,75,80,79,79,49310000,3640000,BHA,183
Jan,Paul van Hecke,2000-06-08,Netherlands,CB,RIGHT,80,83,67,46,72,70,80,78,31120000,4472000,BHA,189
Maxim,De Cuyper,2000-12-22,Belgium,LB,LEFT,80,86,76,73,80,79,75,75,34820000,4056000,BHA,183
Olivier,Maxime Boscagli,1997-11-18,France,CB,LEFT,79,81,65,50,77,77,79,76,20260000,4420000,BHA,181
Ferdi,Erenay Kadıoğlu,1999-10-07,Türkiye,RB,RIGHT,79,81,82,68,74,80,76,67,25330000,4212000,BHA,174
Bart,Verbruggen,2002-08-18,Netherlands,GK,RIGHT,78,84,79,76,76,76,75,81,25010000,2028000,BHA,193
Joël,Ivo Veltman,1992-01-15,Netherlands,RB,RIGHT,78,78,63,49,68,70,80,77,9140000,4212000,BHA,184
Daniel,Nii Tackie Mensah Welbeck,1990-11-26,England,ST,RIGHT,78,78,60,78,74,77,45,77,9140000,4680000,BHA,185
Mats,Wieffer,1999-11-16,Netherlands,CDM,RIGHT,78,82,67,66,74,74,76,78,23240000,3848000,BHA,188
Yankuba,Minteh,2004-07-22,Gambia,RW,LEFT,77,85,94,67,66,81,55,57,27230000,2912000,BHA,180
Lewis,Carl Dunk,1991-11-21,England,CB,RIGHT,77,77,37,52,66,64,78,78,7740000,3952000,BHA,192
Georginio,Rutter,2002-04-20,France,CAM,LEFT,77,83,77,75,75,80,60,74,21190000,3484000,BHA,182
Adam,Harry Webster,1995-01-04,England,CB,RIGHT,75,75,54,31,60,67,76,72,7480000,3484000,BHA,191
Jack,Luca Hinshelwood,2005-04-11,England,CDM,RIGHT,75,83,66,65,73,73,74,72,19560000,2444000,BHA,181
Yasin,Abbas Ayari,2003-10-06,Sweden,CM,RIGHT,75,82,69,70,73,77,69,62,18910000,2600000,BHA,172
Solomon,Benjamin March,1994-07-20,England,RW,LEFT,75,75,69,70,75,77,65,54,7480000,3640000,BHA,180
Diego,Coppola,2003-12-28,Italy,CB,RIGHT,74,81,52,40,56,60,75,72,16030000,2236000,BHA,192
Brajan,Gruda,2004-05-31,Germany,CAM,LEFT,74,84,74,71,69,79,30,63,17670000,2444000,BHA,178
Diego,Alexander Gómez Amarilla,2003-03-27,Paraguay,CM,RIGHT,73,80,69,67,71,75,72,75,11320000,2548000,BHA,183
James,Philip Milner,1986-01-04,England,CM,RIGHT,73,73,46,69,75,72,73,63,3990000,2028000,BHA,175
Jason,Sean Steele,1990-08-18,England,GK,RIGHT,73,73,74,78,78,72,73,72,3990000,1924000,BHA,188
Charalampos,KostoulasΧαράλαμπος Κωστούλας,2007-05-07,Greece,ST,RIGHT,72,85,86,68,61,71,41,77,13870000,1976000,BHA,185
Stefanos,TzimasΣτέφανος Τζίμας,2006-01-06,Greece,ST,RIGHT,72,81,76,70,52,69,31,72,12300000,2080000,BHA,186
Thomas,Watson,2006-04-08,England,LW,RIGHT,68,82,79,65,62,69,29,57,7360000,1196000,BHA,190
Thomas,Peter Wayne McGill,2000-03-25,Canada,GK,RIGHT,62,67,62,63,63,60,61,63,1710000,468000,BHA,185
Cole,Jermaine Palmer,2002-05-06,England,CAM,LEFT,87,90,75,83,87,87,50,65,99130000,9620000,CHE,185
Moisés,Isaac Caicedo Corozo,2001-11-02,Ecuador,CDM,RIGHT,87,89,71,64,78,81,84,82,95200000,8840000,CHE,178
Enzo,Jeremías Fernández,2001-01-17,Argentina,CM,RIGHT,84,87,68,75,85,81,73,75,60330000,7280000,CHE,178
Marc,Cucurella Saseta,1998-07-22,Spain,LB,LEFT,84,85,75,64,79,80,82,79,44440000,8060000,CHE,174
Reece,James,1999-12-08,England,RB,RIGHT,81,84,76,71,82,77,81,81,36720000,5980000,CHE,180
Pedro,Lomba Neto,2000-03-09,Portugal,RW,LEFT,80,82,91,76,74,82,40,68,29890000,5720000,CHE,174
Levi,Lemar Samuel Colwill,2003-02-26,England,CB,LEFT,80,84,70,43,71,72,81,80,32350000,4940000,CHE,187
Andrey,Nascimento dos Santos,2004-05-03,Brazil,CM,RIGHT,80,87,74,69,74,78,77,80,43260000,4472000,CHE,180
Wesley,Fofana,2000-12-17,France,CB,RIGHT,79,82,74,41,62,71,80,78,26370000,4680000,CHE,185
Trevoh,Thomas Chalobah,1999-07-05,England,CB,RIGHT,79,82,66,53,69,70,80,78,26370000,5200000,CHE,192
João,Pedro Junqueira de Jesus,2001-09-26,Brazil,ST,RIGHT,79,84,78,78,72,81,37,70,28460000,5460000,CHE,188
Malo,Gusto,2003-05-19,France,RB,RIGHT,79,84,84,45,75,78,73,74,28460000,4680000,CHE,178
Liam,Rory Delap,2003-02-08,England,ST,RIGHT,78,85,79,80,60,76,30,81,25890000,4940000,CHE,186
Robert,Lynch Sánchez,1997-11-18,Spain,GK,RIGHT,78,78,79,75,75,77,77,79,15750000,3120000,CHE,197
Abdul-Nasir,Oluwatosin Oluwadoyinsolami Adarabioyo,1997-09-24,England,CB,RIGHT,78,80,70,46,63,64,78,79,17170000,4940000,CHE,197
Jamie,Jermaine Bynoe-Gittens,2004-08-08,England,LW,RIGHT,78,85,92,73,66,84,27,59,31070000,3796000,CHE,179
Jorrel,Hato,2006-03-07,Netherlands,LB,LEFT,78,89,85,41,70,74,75,73,35330000,3380000,CHE,182
Estêvão,Willian Almeida,2007-04-24,Brazil,RW,LEFT,78,89,90,74,73,82,33,57,35330000,3380000,CHE,176
Raheem,Shaquille Sterling,1994-12-08,England,LW,RIGHT,78,78,82,74,74,82,42,48,12290000,5720000,CHE,172
Roméo,Lavia,2004-01-06,Belgium,CDM,RIGHT,78,85,69,52,72,77,77,75,31070000,3588000,CHE,181
Axel,Arthur Disasi,1998-03-11,France,CB,RIGHT,77,78,56,48,60,58,77,79,13950000,4628000,CHE,190
Filip,Jørgensen,2002-04-16,Denmark,GK,RIGHT,77,83,77,72,72,76,77,78,21190000,2340000,CHE,192
Alejandro,Garnacho Ferreyra,2004-07-01,Argentina,CAM,RIGHT,77,84,86,77,72,80,37,58,26330000,3640000,CHE,180
Benoît,Badiashile Mukinayi,2001-03-26,France,CB,LEFT,76,80,60,45,64,62,76,77,16690000,3744000,CHE,194
Dário,Cassia Luís Essugo,2005-03-14,Portugal,CDM,RIGHT,75,85,76,58,64,73,74,81,20850000,3016000,CHE,178
Facundo,Valentín Buonanotte,2004-12-23,Argentina,RW,LEFT,75,82,75,70,73,76,30,53,18910000,2600000,CHE,174
Marc,Guiu Paz,2006-01-04,Spain,ST,RIGHT,71,84,76,70,55,69,36,75,11760000,2340000,CHE,187
Tyrique,George,2006-02-04,England,LW,RIGHT,71,84,79,66,66,73,36,55,11760000,2080000,CHE,185
Joshua,Kofi Acheampong,2006-05-05,England,RB,RIGHT,70,85,76,50,65,69,66,73,10530000,1716000,CHE,190
Gabriel,Paweł Słonina,2004-05-15,United States,GK,RIGHT,68,80,70,63,63,64,65,70,6950000,728000,CHE,193
Matthew,Jacob Grimes,1995-07-15,England,CDM,LEFT,74,74,62,60,76,72,68,71,8130000,1924000,COV,179
Milan,Fabrizio van Ewijk,2000-09-08,Netherlands,RB,RIGHT,74,79,94,58,66,70,67,71,12440000,1612000,COV,175
Jack,Edward Rudoni,2001-06-14,England,CAM,LEFT,74,80,73,69,74,76,65,75,12900000,1716000,COV,185
Luke,Matthew Woolfenden,1998-10-21,England,CB,RIGHT,73,75,65,35,62,63,72,77,7510000,1664000,COV,193
Haji,Amir Wright,1998-03-27,United States,ST,RIGHT,73,74,82,72,60,71,33,76,7200000,1872000,COV,191
Kaine,Kesler-Hayden,2002-10-23,England,RB,RIGHT,72,79,78,54,67,72,67,65,9590000,1300000,COV,178
Carl,Andrew Rushworth,2001-07-02,England,GK,LEFT,72,80,72,71,71,70,71,73,9920000,1300000,COV,191
Tatsuhiro,Sakamoto坂元 達裕,1996-10-22,Japan,RW,LEFT,72,72,76,63,69,75,62,60,5840000,1664000,COV,170
Ephron,Jardell Mason-Clark,1999-08-25,England,LW,RIGHT,71,72,83,67,65,73,34,73,6460000,1352000,COV,177
Bobby,Craig Thomas,2001-01-30,England,CB,RIGHT,71,77,60,49,51,54,70,81,7850000,1196000,COV,193
Ellis,Reco Simms,2001-01-05,England,ST,RIGHT,70,77,73,70,54,64,34,77,6890000,1248000,COV,191
Liam,James Kitching,1999-09-25,England,CB,LEFT,70,76,63,36,54,57,69,79,6650000,1144000,COV,191
Oliver,Lukas Dozae Nnonyelu Dovin,2002-07-11,Sweden,GK,RIGHT,70,79,70,68,68,68,68,71,7360000,624000,COV,187
VIctor,Torp Overgaard,1999-07-30,Denmark,CM,RIGHT,70,73,63,67,71,71,64,68,5950000,1248000,COV,178
Joshua,Elliot Eccles,2000-04-06,England,CDM,RIGHT,70,76,70,56,68,67,68,69,6650000,1144000,COV,181
Jay,Rhys Dasilva,1998-04-22,Wales,LB,LEFT,69,70,82,42,65,72,62,58,3710000,1092000,COV,170
Joel,Owen Latibeaudiere,2000-01-06,Jamaica,CB,RIGHT,69,74,53,38,57,60,70,72,5440000,1040000,COV,180
Solomon,Brandon Michael Clarke Thomas-Asante,1998-12-29,Ghana,ST,RIGHT,69,71,83,67,59,69,34,76,3870000,1196000,COV,180
Miguel,Ángel Brau Blánquez,2001-12-27,Spain,LB,LEFT,68,74,71,49,62,66,64,62,4780000,832000,COV,183
Ben,Wilson,1992-08-09,England,GK,RIGHT,68,68,70,62,62,67,65,71,2350000,676000,COV,190
Jamie,Paul Allen,1995-01-29,England,CM,RIGHT,68,68,75,61,66,69,65,71,2350000,1040000,COV,170
Jake,Brian Bidwell,1993-03-21,England,LB,LEFT,68,68,63,47,63,61,66,75,2350000,1040000,COV,183
Kai,Andrews,2006-08-06,Wales,CM,RIGHT,60,75,72,55,58,63,57,61,2010000,208000,COV,186
Jean-Philippe,Mateta,1997-06-28,France,ST,RIGHT,82,82,75,84,70,77,41,81,30540000,5980000,CRY,192
Addji,Keaninkin Marc-Israel Guéhi,2000-07-13,England,CB,RIGHT,82,84,69,39,69,73,83,78,41610000,4420000,CRY,182
Daniel,Muñoz Mejía,1996-05-26,Colombia,RB,RIGHT,81,81,75,69,72,76,79,81,25880000,4940000,CRY,181
Dean,Bradley Henderson,1997-03-12,England,GK,RIGHT,81,82,82,77,77,78,80,82,27050000,3224000,CRY,188
Yéremy,Jesús Pino Santos,2002-10-20,Spain,RW,RIGHT,80,88,77,73,78,81,38,53,37290000,4004000,CRY,172
Adam,James Wharton,2004-02-06,England,CDM,LEFT,79,86,62,62,81,77,75,69,36670000,3016000,CRY,182
Ismaïla,Sarr,1998-02-25,Senegal,CAM,RIGHT,79,79,91,78,76,78,28,69,18590000,4420000,CRY,185
Guy,Maxence Lacroix,2000-04-06,France,CB,RIGHT,79,82,88,40,57,67,80,82,26370000,3952000,CRY,190
Walter,Daniel Benítez,1993-01-19,Argentina,GK,RIGHT,79,79,79,72,72,78,78,80,14500000,2860000,CRY,191
Tyrick,Kwon Mitchell,1999-09-01,England,LB,LEFT,78,80,75,41,68,73,76,70,21460000,3588000,CRY,175
Jefferson,Andrés Lerma Solís,1994-10-25,Colombia,CDM,RIGHT,77,77,68,71,70,74,76,79,10410000,3692000,CRY,179
Daichi,Kamada鎌田 大地,1996-08-05,Japan,CM,RIGHT,77,77,71,72,77,78,64,66,13350000,3848000,CRY,184
Christopher,Jeffrey Richards,2000-03-28,United States,CB,RIGHT,77,80,66,27,58,62,78,77,18940000,3380000,CRY,188
William,James Hughes,1995-04-17,England,CDM,LEFT,77,77,51,62,76,75,73,67,10410000,3692000,CRY,185
Cheick,Oumar Doucouré,2000-01-08,Mali,CDM,RIGHT,77,80,61,55,69,74,74,74,18940000,3380000,CRY,180
Christantus,Ugonna Uche Uche,2003-05-19,Nigeria,ST,RIGHT,76,84,68,73,69,73,68,83,19230000,1508000,CRY,190
Edward,Keddar Nketiah,1999-05-30,England,ST,RIGHT,74,77,81,73,58,76,25,64,9220000,3276000,CRY,180
Borna,Sosa,1998-01-21,Croatia,LB,LEFT,73,73,71,53,77,73,67,70,6890000,2652000,CRY,187
Chadi,Riad Dnanou,2003-06-17,Morocco,CB,LEFT,72,81,60,32,57,61,71,72,10250000,2080000,CRY,190
Justin,Devenny,2003-10-11,Northern Ireland,CAM,LEFT,71,79,65,67,72,71,63,68,10090000,1716000,CRY,184
Jaydee,Canvot,2006-07-29,France,CB,RIGHT,70,82,70,32,56,57,69,73,9680000,1248000,CRY,188
Nathaniel,Edwin Clyne,1991-04-05,England,RB,RIGHT,70,70,60,60,65,69,72,56,2430000,2028000,CRY,175
Romain,Joy Kouakou Esse,2005-05-13,England,RW,LEFT,70,82,77,65,66,73,43,58,9680000,1612000,CRY,178
Naouirou,Mohamed Ahamada,2002-03-29,France,CM,RIGHT,68,75,67,62,65,71,61,62,4950000,1404000,CRY,183
Remi,Luke Matthews,1994-02-10,England,GK,RIGHT,63,63,64,62,62,63,62,63,1030000,520000,CRY,192
Caleb,Billy Mawuko Kporha,2006-07-15,England,RB,RIGHT,62,78,72,48,58,64,57,57,2880000,468000,CRY,170
Jordan,Lee Pickford,1994-03-07,England,GK,LEFT,84,84,84,88,88,78,81,87,33170000,2340000,EVE,185
James,Alan Tarkowski,1992-11-19,England,CB,RIGHT,80,80,45,47,64,59,81,82,17110000,2600000,EVE,188
Jack,Peter Grealish,1995-09-10,England,LW,RIGHT,80,80,72,76,80,85,53,67,21930000,6760000,EVE,180
Jarrad,Paul Branthwaite,2002-06-27,England,CB,LEFT,79,85,71,39,58,60,80,78,29510000,2028000,EVE,195
Iliman,Cheikh Baroy Ndiaye,2000-03-06,Senegal,LW,RIGHT,79,82,84,76,70,84,40,63,26370000,2340000,EVE,180
Idrissa,Gana Gueye,1989-09-26,Senegal,CDM,RIGHT,79,79,60,59,70,73,80,70,10780000,1820000,EVE,174
Dwight,James Matthew McNeil,1999-11-22,England,LW,LEFT,78,81,67,76,79,79,55,68,22350000,2132000,EVE,183
Vitalii,Mykolenko,1999-05-29,Ukraine,LB,LEFT,78,79,74,55,71,71,77,71,16460000,2132000,EVE,180
Thierno,Barry,2002-10-21,France,ST,RIGHT,77,85,80,75,65,75,25,73,22690000,1976000,EVE,195
Kiernan,Frank Dewsbury-Hall,1998-09-06,England,CM,LEFT,77,78,66,72,77,78,70,71,13950000,2080000,EVE,176
Norberto,Bercique Gomes Betuncal,1998-01-31,Guinea-Bissau,ST,RIGHT,76,76,74,77,58,68,25,82,11310000,2132000,EVE,194
Jake,O'Brien,2001-05-15,Republic of Ireland,CB,RIGHT,76,81,77,49,64,61,75,79,17320000,1612000,EVE,197
James,David Garner,2001-03-13,England,CDM,RIGHT,76,81,58,66,78,72,71,70,17320000,1612000,EVE,182
Carlos,Jonás Alcaraz,2002-11-30,Argentina,CAM,RIGHT,75,82,80,71,71,78,46,65,15760000,1664000,EVE,176
Merlin,Röhl,2002-07-05,Germany,CAM,RIGHT,74,82,81,65,68,75,63,71,13810000,1092000,EVE,192
Tyler-Jay,Robert Dibling,2006-02-17,England,RW,LEFT,74,85,77,67,70,77,38,66,18220000,1196000,EVE,186
Timothy,Emeka Iroegbunam,2003-06-30,England,CDM,RIGHT,74,80,65,58,67,73,72,72,12900000,1404000,EVE,183
Michael,Vincent Keane,1993-01-11,England,CB,RIGHT,73,73,40,49,62,58,73,74,5370000,1560000,EVE,191
Mark,Travers,1999-05-18,Republic of Ireland,GK,RIGHT,72,75,73,69,69,69,72,74,6620000,884000,EVE,191
Nathan,Kenneth Patterson,2001-10-16,Scotland,RB,RIGHT,71,76,71,46,63,70,70,69,7570000,1040000,EVE,183
Séamus,Coleman,1988-10-11,Republic of Ireland,RB,RIGHT,70,70,51,65,70,70,74,61,2430000,832000,EVE,177
Adam,Aznou Ben Cheikh,2006-06-02,Morocco,LB,LEFT,66,82,80,52,61,72,59,51,5580000,468000,EVE,178
Harry,Alfred Tyrer,2001-12-06,England,GK,RIGHT,64,72,65,62,62,61,62,65,2640000,260000,EVE,194
Thomas,Lloyd King,1995-03-09,Wales,GK,RIGHT,64,64,64,61,61,63,63,64,1210000,364000,EVE,194
Antonee,Robinson,1997-08-08,United States,LB,LEFT,82,82,88,46,75,77,78,80,30540000,5200000,FUL,183
Bernd,Leno,1992-03-04,Germany,GK,RIGHT,80,80,80,76,76,79,80,81,12720000,3016000,FUL,189
Samuel,Chimerenka Chukwueze,1999-05-22,Nigeria,RW,LEFT,80,80,88,74,74,83,36,57,21930000,2756000,FUL,172
Alexander,Chuka Iwobi,1996-05-03,Nigeria,LW,RIGHT,80,80,76,74,77,81,56,73,21930000,4680000,FUL,180
Sander,Gard Bolin Berge,1998-02-18,Norway,CDM,RIGHT,79,80,55,65,74,71,75,84,19420000,4160000,FUL,195
Joachim,Christian Andersen,1996-05-31,Denmark,CB,RIGHT,78,78,39,57,71,65,78,82,15750000,3952000,FUL,192
Calvin,Bassey Ughelumba,1999-12-31,Nigeria,CB,LEFT,78,81,81,44,63,68,77,87,22350000,3588000,FUL,185
Saša,Lukić,1996-08-13,Serbia,CDM,RIGHT,78,78,60,69,76,74,76,79,15750000,3952000,FUL,183
Kenny,Joelle Tete,1995-10-09,Netherlands,RB,RIGHT,77,77,73,47,67,69,76,76,13350000,3692000,FUL,180
Raúl,Alonso Jiménez Rodríguez,1991-05-05,Mexico,ST,RIGHT,77,77,57,79,74,75,46,79,7740000,4160000,FUL,190
Emile,Smith Rowe,2000-07-28,England,CAM,RIGHT,77,81,72,72,75,80,52,61,19690000,3276000,FUL,182
Issa,Laye Lucas Jean Diop,1997-01-09,France,CB,RIGHT,76,77,57,37,53,55,77,78,11820000,3432000,FUL,194
Kevin,Santos Lopes de Macedo,2003-01-04,Brazil,LW,RIGHT,76,81,81,70,70,80,33,61,17320000,3016000,FUL,176
Harry,Wilson,1997-03-22,Wales,RW,LEFT,76,76,75,78,75,76,46,56,11310000,3588000,FUL,173
Timothy,Castagne,1995-12-05,Belgium,RB,RIGHT,76,76,68,57,70,72,74,71,11310000,3432000,FUL,185
Adama,Traoré Diarra,1996-01-25,Spain,RW,RIGHT,76,76,94,65,67,81,37,82,11310000,3588000,FUL,179
Kouassi,Ryan Sessegnon,2000-05-18,England,LB,LEFT,75,79,78,67,72,77,71,65,14140000,3016000,FUL,178
Rodrigo,Muniz Carvalho,2001-05-04,Brazil,ST,RIGHT,75,81,68,74,59,71,42,76,15220000,3120000,FUL,185
Jorge,Cuenca Barreno,1999-11-17,Spain,CB,LEFT,74,78,70,37,58,52,75,73,11980000,2756000,FUL,190
Benjamin,Lecomte,1991-04-26,France,GK,LEFT,74,74,73,75,75,72,73,75,4710000,1976000,FUL,186
Thomas,Cairney,1991-01-20,Scotland,CM,LEFT,74,74,52,71,76,73,66,62,4710000,3172000,FUL,185
Harrison,James Reed,1995-01-27,England,CDM,RIGHT,72,72,53,60,71,68,71,63,4550000,2496000,FUL,176
Oscar,Bobb,2003-07-12,Norway,RW,LEFT,72,82,79,65,71,77,33,41,12690000,2652000,FUL,174
Joshua,David Steven King,2007-01-03,England,CM,RIGHT,68,83,67,63,67,71,61,58,7560000,1040000,FUL,173
Jonah,Daniel Kusi-Asare,2007-07-04,Sweden,ST,RIGHT,60,82,61,59,40,59,26,66,2390000,260000,FUL,196
Oliver,Robert McBurnie,1996-06-04,Scotland,ST,RIGHT,74,74,61,71,60,71,34,82,8130000,1768000,HUL,188
Amir,Hadžiahmetović,1997-03-08,Bosnia and Herzegovina,CDM,RIGHT,73,73,65,60,73,72,70,73,6890000,1456000,HUL,179
Mohamed,Bachir Belloumi,2002-06-01,Algeria,RW,LEFT,73,79,81,71,70,76,38,60,10930000,1248000,HUL,180
John,David Lundstram,1994-02-18,England,CDM,RIGHT,73,73,65,71,70,69,69,76,5370000,1872000,HUL,181
Liam,Alan Millar,1999-09-27,Canada,LW,RIGHT,72,75,85,66,66,75,52,59,8280000,1248000,HUL,181
John,Egan,1992-10-20,Republic of Ireland,CB,RIGHT,72,72,50,45,52,60,72,74,4550000,1300000,HUL,185
Ivor,Pandur,2000-03-25,Croatia,GK,RIGHT,72,77,72,64,64,70,69,77,8940000,728000,HUL,185
Charles,Roger Hughes,2003-10-16,England,CB,RIGHT,71,80,70,39,58,63,71,78,10420000,832000,HUL,189
Ryan,John Giles,2000-01-26,England,LB,LEFT,71,75,86,59,70,72,61,67,7290000,1092000,HUL,184
Eliot,Matazo,2002-02-15,Belgium,CDM,RIGHT,71,77,69,60,68,74,67,74,7850000,988000,HUL,170
Regan,Newman Slater,1999-09-10,England,CM,RIGHT,70,73,71,61,69,72,65,70,5950000,988000,HUL,171
Kasey,Remel Palmer,1996-11-09,Jamaica,CAM,RIGHT,70,70,67,66,71,74,52,70,4190000,1092000,HUL,181
Joseph,Paul Gelhardt,2002-05-04,England,ST,LEFT,70,77,75,71,67,74,39,70,6890000,1508000,HUL,175
Oluwasemilogo,Adesewo Ibidapo Ajayi,1993-11-09,Nigeria,CB,RIGHT,70,70,69,48,47,59,69,81,3270000,1040000,HUL,193
Brandon,Paul Brian Williams,2000-09-03,England,LB,RIGHT,70,74,75,56,65,69,67,70,6180000,884000,HUL,180
Lewie,Jacob Coyle,1995-10-15,England,RB,RIGHT,70,70,73,51,64,68,67,75,4190000,1040000,HUL,177
Babajide,David Akintola,1996-01-13,Nigeria,LW,RIGHT,69,69,88,63,59,69,40,65,3550000,936000,HUL,180
Matt,Davidson Rider Crooks,1994-01-20,England,CAM,RIGHT,69,69,55,68,65,66,67,83,2770000,988000,HUL,192
Cody,Callum Pierre Drameh,2001-12-08,England,RB,RIGHT,69,77,83,37,59,69,65,71,6040000,780000,HUL,181
Akinlolu,Richard Olamide Famewo,1998-11-09,England,CB,LEFT,68,72,69,28,45,54,67,79,3550000,780000,HUL,187
Enis,Destan,2002-06-15,Türkiye,ST,RIGHT,68,77,68,67,62,65,48,70,5290000,780000,HUL,186
Dillon,Phillips,1995-06-11,England,GK,RIGHT,66,67,66,62,62,65,65,66,1760000,416000,HUL,188
Kyle,Alexander Joseph,2001-09-10,Scotland,ST,RIGHT,66,73,75,64,55,67,46,75,3550000,572000,HUL,185
Darko,Boateng Gyabi,2004-02-18,England,CM,RIGHT,66,77,68,57,63,68,64,72,4850000,468000,HUL,191
Harry,Patrick Vaughan,2004-04-06,Republic of Ireland,LW,RIGHT,63,74,75,54,59,67,41,44,2950000,312000,HUL,168
Joel,Tshisanga Ndala,2006-05-31,England,LW,RIGHT,63,80,90,56,53,68,30,63,3480000,832000,HUL,178
Walter,James Byrne Furlong,2002-06-07,Republic of Ireland,LB,LEFT,62,68,67,32,58,60,58,56,1770000,312000,HUL,178
Nathan,Tinsdale,2005-08-05,England,CM,RIGHT,56,70,67,52,54,60,47,49,1010000,208000,HUL,176
Cathal,McCarthy,2006-08-31,Republic of Ireland,CB,RIGHT,55,73,63,29,35,42,54,61,950000,180000,HUL,185
Azor,Matusiwa,1998-04-28,Netherlands,CDM,RIGHT,76,78,57,53,67,70,74,78,12330000,2548000,IPS,173
Leif,Davis,1999-12-31,England,LB,LEFT,76,79,80,54,76,73,70,73,16050000,2444000,IPS,182
Chuba,Amechi Akpom,1995-10-09,England,ST,RIGHT,76,76,76,75,59,71,32,74,11310000,1040000,IPS,186
Dara,Joseph O'Shea,1999-03-04,Republic of Ireland,CB,RIGHT,75,78,69,33,55,58,75,76,10880000,2444000,IPS,188
Jaden,Philogene-Bidace,2002-02-08,England,LW,RIGHT,75,81,82,71,69,78,37,59,15220000,2184000,IPS,179
Jens-Lys,Michel Cajuste,1999-08-10,Sweden,CDM,RIGHT,75,79,65,63,70,75,72,75,14140000,3224000,IPS,188
Jacob,John Greaves,2000-09-12,England,CB,LEFT,74,79,66,40,63,65,74,78,12440000,1924000,IPS,194
Jack,Raymond Clarke,2000-11-23,England,LW,RIGHT,74,80,78,71,68,75,40,60,12900000,2028000,IPS,181
Cédric,Kipré,1996-12-09,Côte d'Ivoire,CB,RIGHT,74,76,68,35,49,55,72,87,8860000,468000,IPS,193
Samuel,Joseph Szmodics,1995-09-24,Republic of Ireland,CAM,RIGHT,74,74,77,73,69,76,51,63,8130000,2496000,IPS,168
Alexander,Palmer,1996-08-10,England,GK,RIGHT,73,75,74,72,72,72,72,73,7510000,1404000,IPS,191
Ashley,Simon Young,1985-07-09,England,RB,RIGHT,73,73,53,64,75,73,73,68,3990000,1404000,IPS,175
Marcelino,Ignacio Núñez Espinoza,2000-03-01,Chile,CM,RIGHT,73,76,62,69,73,73,63,69,9770000,2028000,IPS,173
Darnell,Anthony Furlong,1995-10-31,England,RB,RIGHT,72,72,73,36,60,69,68,75,5840000,1924000,IPS,183
Wesley,James Burns,1994-11-23,Wales,RW,RIGHT,72,72,89,67,63,73,60,71,4550000,2028000,IPS,179
George,David Eric Hirst,1999-02-15,Scotland,ST,RIGHT,72,74,73,71,55,66,43,74,6360000,2132000,IPS,191
Benjamin,Anthony Johnson,2000-01-24,England,RB,RIGHT,72,74,69,47,64,68,72,70,7950000,1768000,IPS,180
Kasey,Ian McAteer,2001-11-22,Republic of Ireland,RW,RIGHT,71,76,81,67,66,71,54,64,7570000,1508000,IPS,177
Harrison,Thomas Clarke,2001-03-02,England,RB,RIGHT,70,75,79,57,60,65,66,79,6420000,1300000,IPS,180
Jack,Henry Philip Taylor,1998-06-23,Republic of Ireland,CDM,RIGHT,70,73,67,67,66,69,68,71,4760000,1508000,IPS,185
Christian,Timothy Walton,1995-11-09,England,GK,LEFT,69,71,70,66,66,68,68,70,3870000,884000,IPS,195
Iván,Azón Monzón,2002-12-24,Spain,ST,RIGHT,69,78,74,68,53,62,38,80,6240000,1768000,IPS,181
Conor,Stephen Townsend,1993-03-04,England,LB,LEFT,68,68,65,46,64,67,68,63,2350000,1248000,IPS,183
Sindre,Walle Egeli,2006-06-21,Norway,RW,LEFT,68,82,84,60,60,70,24,64,7360000,884000,IPS,180
Cameron,Humphreys,2003-10-30,England,CM,LEFT,67,78,67,62,66,68,60,64,5720000,832000,IPS,178
Elkan,William Tio Baggott,2002-10-23,Indonesia,CB,LEFT,63,71,54,24,40,46,62,73,2240000,520000,IPS,194
David,Robert Edmund Button,1989-02-27,England,GK,RIGHT,62,62,62,59,59,60,61,61,650000,260000,IPS,191
Lucas,Estella Perri,1997-12-10,Brazil,GK,RIGHT,81,85,80,79,79,79,80,82,30540000,2288000,LEE,197
Anton,Levi Stach,1998-11-15,Germany,CDM,RIGHT,79,82,70,68,75,72,78,80,21100000,3172000,LEE,194
Jaka,Bijol,1999-02-05,Slovenia,CB,RIGHT,77,79,64,59,65,62,77,79,14550000,2704000,LEE,190
Gabriel,Gudmundsson,1999-04-29,Sweden,LB,LEFT,77,78,87,64,71,75,70,75,13950000,2704000,LEE,180
Joseph,Peter Rodon,1997-10-22,Wales,CB,RIGHT,76,78,76,32,51,60,76,79,12330000,2548000,LEE,193
Ethan,Kwame Colm Raymond Ampadu,2000-09-14,Wales,CB,RIGHT,76,79,67,51,64,70,76,78,16050000,2184000,LEE,183
Pascal,Augustus Struijk,1999-08-11,Netherlands,CB,LEFT,76,79,59,46,60,65,76,80,16050000,2444000,LEE,190
Lukas,Okechukwu Nmecha,1998-12-14,Germany,ST,RIGHT,76,77,74,76,66,75,40,76,11820000,2860000,LEE,185
Daniel,Owen James,1997-11-10,Wales,RW,RIGHT,76,76,94,71,68,76,50,68,11310000,2652000,LEE,171
Noah,Arinzechukwu Okafor,2000-05-24,Switzerland,ST,RIGHT,76,79,86,76,71,80,31,69,16050000,2756000,LEE,185
Ao,Tanaka田中 碧,1998-09-10,Japan,CDM,RIGHT,76,79,70,68,72,77,73,71,12840000,2548000,LEE,180
Joël,Mohammed Ramzan Piroe,1999-08-02,Netherlands,ST,LEFT,75,78,64,78,65,72,29,71,13600000,2652000,LEE,185
Sean,David Longstaff,1997-10-30,England,CM,RIGHT,75,76,56,67,73,73,71,70,10020000,2548000,LEE,187
Jayden,Ian Bogle,2000-07-27,England,RB,RIGHT,75,79,81,55,70,75,70,70,14140000,2080000,LEE,178
Degnand,Wilfried Gnonto,2003-11-05,Italy,RW,RIGHT,74,83,88,72,65,79,31,67,17120000,1716000,LEE,169
Sebastiaan,Bornauw,1999-03-22,Belgium,CB,RIGHT,74,76,69,45,59,55,74,74,8860000,2236000,LEE,191
Jack,David Harrison,1996-11-20,England,RW,LEFT,74,74,76,69,71,75,47,66,8130000,2444000,LEE,175
James,Michael Justin,1998-02-23,England,RB,RIGHT,74,75,79,52,69,70,71,70,8490000,2236000,LEE,183
Brenden,Russell Aaronson,2000-10-22,United States,CAM,RIGHT,74,78,80,66,70,78,57,61,11980000,2080000,LEE,177
Dominic,Nathaniel Calvert-Lewin,1997-03-16,England,ST,RIGHT,74,74,72,72,63,70,38,75,8130000,2652000,LEE,189
Ilia,Iliev Gruev,2000-05-06,Bulgaria,CDM,LEFT,74,77,67,55,71,71,70,69,11530000,2132000,LEE,185
Karl,Darlow,1990-10-08,Wales,GK,RIGHT,72,72,73,66,66,70,72,75,3380000,1248000,LEE,190
Illan,Stéphane Meslier,2000-03-02,France,GK,LEFT,72,75,71,70,70,72,70,73,8280000,1092000,LEE,196
Samuel,Mark Byram,1993-09-16,England,LB,RIGHT,72,72,72,57,65,70,71,71,4550000,1924000,LEE,183
Alexander,Thomas Cairns,1993-01-04,England,GK,LEFT,63,63,63,62,62,61,62,63,1030000,416000,LEE,183
Samuel,Nicholas Chambers,2007-08-18,Scotland,CAM,RIGHT,61,78,73,57,60,62,45,50,2500000,260000,LEE,183
Mohamed,Salah Hamed Ghaly,1992-06-15,Egypt,RW,LEFT,91,91,89,88,86,90,45,76,78570000,19240000,LIV,175
Virgil,van Dijk,1991-07-08,Netherlands,CB,RIGHT,90,90,73,60,72,72,90,87,66580000,11960000,LIV,193
Florian,Richard Wirtz,2003-05-03,Germany,CAM,RIGHT,89,93,80,82,88,90,54,67,143500000,9880000,LIV,177
Alisson,Ramsés Becker,1992-10-02,Brazil,GK,RIGHT,89,89,86,86,86,85,90,89,75880000,7280000,LIV,193
Alexander,Isak,1999-09-21,Sweden,ST,RIGHT,88,89,83,89,73,85,39,76,107700000,10400000,LIV,192
Alexis,Mac Allister,1998-12-24,Argentina,CM,RIGHT,87,88,66,82,85,85,78,76,73010000,9360000,LIV,176
Ibrahima,Konaté,1999-05-25,France,CB,RIGHT,86,87,77,34,63,69,86,85,61880000,8060000,LIV,194
Ryan,Jiro Gravenberch,2002-05-16,Netherlands,CDM,RIGHT,85,88,76,76,81,85,81,81,71190000,6500000,LIV,190
Cody,Mathès Gakpo,1999-05-07,Netherlands,LW,RIGHT,84,85,83,82,80,83,47,74,44440000,7280000,LIV,189
Giorgi,Mamardashviliგიორგი მამარდაშვილი,2000-09-29,Georgia,GK,LEFT,84,87,84,72,72,81,84,84,60330000,3484000,LIV,199
Dominik,Szoboszlai,2000-10-25,Hungary,CAM,RIGHT,83,86,79,82,84,82,67,76,51130000,5720000,LIV,186
Hugo,Ekitiké,2002-06-20,France,ST,RIGHT,83,88,86,78,69,85,33,73,55180000,6240000,LIV,189
Jeremie,Agyekum Frimpong,2000-12-10,Netherlands,RB,RIGHT,83,85,94,62,74,84,72,63,49100000,5460000,LIV,172
Andrew,Henry Robertson,1994-03-11,Scotland,LB,LEFT,82,82,74,61,80,77,79,75,23820000,5980000,LIV,178
Milos,Kerkez,2003-11-07,Hungary,LB,LEFT,82,86,87,59,75,78,77,80,54060000,4212000,LIV,180
Federico,Chiesa,1997-10-25,Italy,RW,RIGHT,81,81,87,80,75,83,44,68,25880000,5460000,LIV,175
Curtis,Jones,2001-01-30,England,CAM,RIGHT,80,83,74,74,76,82,72,76,31120000,4628000,LIV,185
Joseph,Dave Gomez,1997-05-23,England,CB,RIGHT,79,80,74,29,70,71,79,73,19420000,4940000,LIV,188
Conor,Bradley,2003-07-09,Northern Ireland,RB,RIGHT,78,84,80,61,70,75,75,74,30010000,3120000,LIV,181
Stefan,Bajčetić Maquieira,2004-10-22,Spain,CDM,RIGHT,73,83,74,52,67,73,71,71,14980000,2184000,LIV,185
Frederick,John Woodman,1997-03-04,England,GK,RIGHT,71,71,72,62,62,69,68,71,4950000,1664000,LIV,188
Giovanni,Leoni,2006-12-21,Italy,CB,RIGHT,69,82,53,27,42,52,71,68,8440000,1248000,LIV,196
Rio,Bass Ray Ngumoha Adigun,2008-08-29,England,LW,RIGHT,68,88,90,64,59,72,35,53,8580000,936000,LIV,170
Calvin,William Ramsay,2003-07-31,Scotland,RB,RIGHT,65,75,76,46,61,64,58,64,3980000,780000,LIV,177
Treymaurice,Nyoni,2007-06-30,England,CM,RIGHT,64,84,67,54,61,69,52,52,4420000,676000,LIV,180
Ármin,Pécsi,2005-02-24,Hungary,GK,RIGHT,64,79,64,63,63,62,63,67,3900000,364000,LIV,190
Rhys,Williams,2001-02-03,England,CB,RIGHT,61,67,64,35,48,52,60,65,1500000,624000,LIV,195
Erling,Braut Håland,2000-07-21,Norway,ST,LEFT,90,92,86,91,70,80,45,88,156410000,13520000,MCI,195
Rodrigo,Hernández Cascante,1996-06-22,Spain,CDM,RIGHT,90,90,65,80,86,84,86,85,114800000,14040000,MCI,190
Gianluigi,Donnarumma,1999-02-25,Italy,GK,RIGHT,89,91,90,70,70,83,87,90,106040000,7800000,MCI,196
Rúben,dos Santos Gato Alves Dias,1997-05-14,Portugal,CB,RIGHT,86,87,59,39,69,69,86,84,61880000,9880000,MCI,187
Tijjani,Martinus Jan Reijnders Lekatompessy,1998-07-29,Netherlands,CM,RIGHT,86,87,79,79,82,85,77,77,61880000,9880000,MCI,185
Philip,Walter Foden,2000-05-28,England,RW,LEFT,85,88,81,81,82,89,57,57,71190000,9360000,MCI,171
Omar,Khaled Mohamed Marmoush,1999-02-07,Egypt,ST,RIGHT,84,85,89,85,76,86,34,71,44440000,9100000,MCI,183
Bernardo,Mota Veiga de Carvalho e Silva,1994-08-10,Portugal,CM,LEFT,84,84,61,78,83,89,71,65,33170000,8580000,MCI,173
Joško,Gvardiol,2002-01-23,Croatia,LB,LEFT,84,87,78,71,75,78,84,82,60330000,6760000,MCI,185
Nathan,Benjamin Aké,1995-02-18,Netherlands,CB,LEFT,83,83,72,53,72,75,84,74,28110000,7540000,MCI,180
Mateo,Kovačić,1994-05-06,Croatia,CM,RIGHT,83,83,67,74,81,83,73,72,28110000,7800000,MCI,178
Sávio,Moreira de Oliveira,2004-04-10,Brazil,RW,LEFT,82,87,87,71,78,86,30,53,56120000,5720000,MCI,176
John,Stones,1994-05-28,England,CB,RIGHT,82,82,64,58,74,75,84,72,23820000,7020000,MCI,188
Rayan,Aït Nouri,2001-06-06,Algeria,LB,LEFT,81,85,84,53,76,84,77,70,38180000,5200000,MCI,180
Mathis,Rayan Cherki,2003-08-17,France,RW,LEFT,81,88,75,75,80,88,21,65,51050000,5200000,MCI,177
Jérémy,Doku,2002-05-27,Belgium,LW,RIGHT,80,85,91,71,72,87,32,68,33590000,5720000,MCI,173
Stefan,Ortega Moreno,1992-11-06,Germany,GK,RIGHT,79,79,78,85,85,77,78,81,14500000,3692000,MCI,185
Nicolás,González Iglesias,2002-01-03,Spain,CDM,RIGHT,79,85,67,70,77,77,74,80,29510000,4680000,MCI,188
Matheus,Luiz Nunes,1998-08-27,Portugal,RB,RIGHT,79,80,85,70,76,79,73,76,19420000,5460000,MCI,184
Abdukodir,Khusanov,2004-02-29,Uzbekistan,CB,RIGHT,77,85,85,39,59,64,77,76,27230000,3380000,MCI,186
Rico,Henry Mark Lewis,2004-11-21,England,RB,RIGHT,77,84,76,54,74,79,73,58,26330000,3380000,MCI,170
James,Harrington Trafford,2002-10-10,England,GK,RIGHT,76,84,77,72,72,74,74,78,19230000,2132000,MCI,197
Kalvin,Mark Phillips,1995-12-02,England,CDM,RIGHT,74,74,54,65,73,70,72,70,8130000,3952000,MCI,178
Nico,O'Reilly,2005-03-21,England,LB,LEFT,73,83,73,66,72,73,69,70,14980000,2496000,MCI,193
Marcus,Bettinelli,1992-05-24,England,GK,RIGHT,70,70,70,69,69,70,71,71,2430000,1716000,MCI,194
Bruno,Miguel Borges Fernandes,1994-09-08,Portugal,CAM,RIGHT,87,87,67,83,89,83,65,75,54500000,8580000,MUN,179
Bryan,Tetsadong Marceau Mbeumo,1999-08-07,Cameroon,RW,LEFT,85,86,88,84,79,84,49,76,65550000,7020000,MUN,171
Matheus,Santos Carneiro da Cunha,1999-05-27,Brazil,CAM,RIGHT,83,85,77,85,79,84,44,75,39280000,5980000,MUN,183
Matthijs,de Ligt,1999-08-12,Netherlands,CB,RIGHT,82,84,62,61,62,67,82,83,41610000,4940000,MUN,189
Lisandro,Martínez,1998-01-18,Argentina,CB,LEFT,81,82,67,59,75,75,81,80,27050000,4680000,MUN,178
Carlos,Henrique Casimiro,1992-02-23,Brazil,CDM,RIGHT,80,80,36,74,76,69,80,76,12720000,4576000,MUN,185
Benjamin,Šeško,2003-05-31,Slovenia,ST,RIGHT,80,88,83,80,65,78,46,80,37290000,4368000,MUN,195
Jacob,Harry Maguire,1993-03-05,England,CB,RIGHT,80,80,35,57,70,65,80,82,17110000,4576000,MUN,193
Noussair,Mazraoui,1997-11-14,Morocco,RB,RIGHT,80,81,75,66,76,80,77,72,22920000,4368000,MUN,183
Amad,Diallo Traoré,2002-07-11,Côte d'Ivoire,CAM,LEFT,79,85,85,74,75,83,54,52,29510000,3848000,MUN,173
José,Diogo Dalot Teixeira,1999-03-18,Portugal,RB,RIGHT,79,81,85,63,74,77,76,78,20260000,4160000,MUN,183
Luke,Paul Hoare Shaw,1995-07-12,England,CB,LEFT,79,79,69,57,78,75,79,72,18590000,4316000,MUN,181
Manuel,Ugarte Ribeiro,2001-04-11,Uruguay,CDM,RIGHT,79,83,62,65,72,76,77,75,27420000,3588000,MUN,182
Senne,Lammens,2002-07-07,Belgium,GK,RIGHT,78,87,79,71,71,77,79,77,27670000,1872000,MUN,193
Leny,Yoro,2005-11-13,France,CB,RIGHT,78,86,69,41,60,64,79,73,32140000,2548000,MUN,190
Mason,Tony Mount,1999-01-10,England,CAM,RIGHT,77,78,67,76,79,78,62,61,13950000,3744000,MUN,181
Kobbie,Mainoo,2005-04-19,England,CM,RIGHT,77,85,68,69,74,81,73,74,27230000,2704000,MUN,181
Joshua,Orobosa Zirkzee,2001-05-22,Netherlands,ST,RIGHT,77,83,71,76,72,82,41,76,21190000,3536000,MUN,193
Altay,Bayındır,1998-04-14,Türkiye,GK,RIGHT,75,77,77,70,70,72,75,77,10450000,1976000,MUN,198
Tyrell,Johannes Chicco Malacia,1999-08-17,Netherlands,LB,LEFT,75,77,77,54,66,75,72,71,13060000,3016000,MUN,169
Patrick,Chinazaekpere Dorgu,2004-10-26,Denmark,LB,LEFT,74,84,86,59,69,74,69,73,17670000,2132000,MUN,185
Ayden,Edford Heaven,2006-09-22,England,CB,LEFT,69,84,69,28,52,59,69,71,8920000,1092000,MUN,189
Thomas,David Heaton,1986-04-15,England,GK,RIGHT,67,67,68,65,65,66,68,67,1480000,416000,MUN,188
Chidozie,Obi-Martin,2007-11-29,Denmark,ST,RIGHT,65,84,71,64,56,63,28,60,5100000,624000,MUN,188
Tyler,Fredricson,2005-02-23,England,CB,RIGHT,65,78,65,29,48,56,65,68,4360000,676000,MUN,188
Diego,Basilio León Blanco,2007-04-03,Paraguay,LB,LEFT,64,85,83,51,56,66,59,62,4530000,572000,MUN,177
Bruno,Guimarães Rodrigues Moura,1997-11-16,Brazil,CM,RIGHT,86,87,66,75,84,84,79,81,61880000,9880000,NEW,182
Sandro,Tonali,2000-05-08,Italy,CDM,RIGHT,86,88,79,74,82,80,81,83,80680000,9100000,NEW,181
Anthony,Michael Gordon,2001-02-24,England,LW,RIGHT,83,86,91,79,78,83,50,72,51130000,7020000,NEW,183
Sven,Adriaan Botman,2000-01-12,Netherlands,CB,LEFT,82,85,56,37,62,65,83,82,43330000,6240000,NEW,193
Yoane,Wissa,1996-09-03,Congo DR,ST,RIGHT,82,82,85,82,70,80,31,71,30540000,7800000,NEW,176
Joelinton,Cassio Apolinário de Lira,1996-08-14,Brazil,CM,RIGHT,82,82,74,73,77,81,82,90,30540000,7280000,NEW,186
Fabian,Lukas Schär,1991-12-20,Switzerland,CB,RIGHT,82,82,51,68,76,73,84,80,17710000,7020000,NEW,188
Anthony,David Junior Elanga,2002-04-27,Sweden,RW,RIGHT,81,84,92,72,76,82,39,70,36720000,5980000,NEW,178
Nicholas,David Pope,1992-04-19,England,GK,RIGHT,81,81,81,68,68,81,78,82,15010000,4212000,NEW,199
Jacob,Kai Murphy,1995-02-24,England,RW,RIGHT,81,81,82,77,78,80,61,70,20190000,7280000,NEW,179
Kieran,John Trippier,1990-09-19,England,RB,RIGHT,80,80,66,65,83,77,80,71,12720000,5980000,NEW,173
Harvey,Lewis Barnes,1997-12-09,England,LW,RIGHT,80,80,83,80,75,81,43,68,21930000,6500000,NEW,185
Lewis,Kieran Hall,2004-09-08,England,LB,LEFT,80,86,77,62,78,79,77,64,41780000,4212000,NEW,179
Valentino,Francisco Livramento,2002-11-12,England,RB,RIGHT,80,86,82,51,72,78,76,74,34820000,4940000,NEW,181
Nick,Woltemade,2002-02-14,Germany,ST,RIGHT,79,84,67,78,65,79,41,74,28460000,5460000,NEW,199
Daniel,Johnson Burn,1992-05-09,England,CB,LEFT,79,79,42,36,67,64,79,85,10780000,5720000,NEW,201
Jacob,Matthew Ramsey,2001-05-21,England,LW,RIGHT,78,82,77,75,73,80,68,72,23240000,4472000,NEW,180
Malick,Laye Thiaw,2001-08-08,Germany,CB,RIGHT,78,84,72,47,69,72,78,80,25010000,4264000,NEW,194
Aaron,Christopher Ramsdale,1998-05-14,England,GK,RIGHT,77,79,77,80,80,76,74,79,14550000,1768000,NEW,191
Joseph,George Willock,1999-08-20,England,CM,RIGHT,76,78,75,72,73,79,72,68,15410000,4316000,NEW,186
Jamaal,Lascelles,1993-11-11,England,CB,RIGHT,73,73,37,35,51,50,74,71,5370000,3588000,NEW,188
Emil,Henry ­Kristoffer Krafth,1994-08-02,Sweden,CB,RIGHT,73,73,53,59,69,70,74,67,5370000,3588000,NEW,184
Lewis,Miley,2006-05-01,England,CM,RIGHT,72,86,65,61,72,73,64,66,14270000,2288000,NEW,189
William,Idamudia Daugaard Osula,2003-08-04,Denmark,ST,RIGHT,68,78,73,66,53,68,24,63,6550000,1716000,NEW,192
John,Thomas Gordon Ruddy,1986-10-24,England,GK,RIGHT,68,68,66,66,66,69,68,67,1750000,832000,NEW,193
Alex,Murphy,2004-06-25,Republic of Ireland,LB,LEFT,64,78,64,41,53,57,63,71,3800000,832000,NEW,188
Harrison,Charles Ashby,2001-11-14,Scotland,RB,RIGHT,64,71,75,44,56,60,57,62,2550000,988000,NEW,179
Mark,Joseph Gillespie,1992-03-27,England,GK,RIGHT,62,62,63,60,60,61,61,64,650000,624000,NEW,192
Matz,Willy Els Sels,1992-02-26,Belgium,GK,RIGHT,83,83,82,79,79,80,83,83,20900000,4056000,NFO,188
Nikola,Milenković,1997-10-12,Serbia,CB,RIGHT,83,84,57,46,63,62,84,86,37660000,5980000,NFO,195
Murillo,Santiago Costa dos Santos,2002-07-04,Brazil,CB,LEFT,83,87,80,48,67,71,83,83,53160000,5200000,NFO,180
Christopher,Grant Wood,1991-12-07,New Zealand,ST,RIGHT,82,82,53,83,68,72,40,81,17710000,6500000,NFO,191
Morgan,Anthony Gibbs-White,2000-01-27,England,CAM,RIGHT,82,84,75,77,82,84,60,72,41610000,5460000,NFO,179
Douglas,Luiz Soares de Paulo,1998-05-09,Brazil,CM,RIGHT,80,80,67,75,82,80,75,70,21930000,5720000,NFO,175
Elliot,Junior Anderson,2002-11-06,England,CDM,RIGHT,80,85,71,68,79,81,77,78,33590000,4056000,NFO,179
Temitayo,Olufisayo Olaoluwa Aina,1996-10-08,Nigeria,RB,RIGHT,80,80,88,63,71,75,78,75,21930000,4940000,NFO,184
Dan,Assane Ndoye,2000-10-25,Switzerland,LW,RIGHT,79,82,89,72,70,81,62,68,26370000,4004000,NFO,184
Nicolás,Martín Domínguez,1998-06-28,Argentina,CDM,RIGHT,79,80,69,65,72,76,76,77,19420000,4420000,NFO,179
Arnaud,Kalimuendo Muinga,2002-01-20,France,ST,RIGHT,78,82,80,80,63,78,29,71,23240000,4004000,NFO,178
Dilane,Bakwa,2002-08-26,France,RW,LEFT,78,84,88,72,73,81,30,66,25010000,3640000,NFO,180
Callum,James Hudson-Odoi,2000-11-07,England,LW,RIGHT,78,82,82,75,75,81,50,63,23240000,3640000,NFO,182
Neco,Shay Williams,2001-04-13,Wales,LB,RIGHT,78,81,72,49,71,74,77,69,22350000,3484000,NFO,183
Igor,Jesus Maciel da Cruz,2001-02-25,Brazil,ST,RIGHT,77,81,70,77,63,72,36,77,19690000,3744000,NFO,180
Ibrahim,Sangaré,1997-12-02,Côte d'Ivoire,CDM,RIGHT,77,79,58,65,72,71,77,79,14550000,3744000,NFO,191
Oleksandr,Zinchenko,1996-12-15,Ukraine,LB,LEFT,77,77,63,66,79,78,76,62,13350000,5200000,NFO,175
Ryan,James Yates,1997-11-21,England,CDM,RIGHT,77,78,50,62,68,67,76,82,13950000,3744000,NFO,190
Felipe,Rodrigues da Silva,2001-06-30,Brazil,CB,LEFT,76,81,53,37,57,60,76,80,17320000,3016000,NFO,192
Omari,Elijah Giraud-Hutchinson,2003-10-29,England,CAM,LEFT,75,83,80,73,70,79,55,59,19560000,2652000,NFO,174
Taiwo,Michael Awoniyi,1997-08-12,Nigeria,ST,RIGHT,75,75,71,75,60,69,32,77,9590000,3796000,NFO,183
Jair,Paula da Cunha Filho,2005-03-07,Brazil,CB,RIGHT,74,81,67,38,59,58,73,80,16030000,2236000,NFO,198
Willy-Arnaud,Zobo Boly,1991-02-03,Côte d'Ivoire,CB,RIGHT,73,73,34,36,59,55,74,71,3990000,2912000,NFO,195
James,John McAtee,2002-10-18,England,RW,LEFT,73,81,72,69,70,75,41,59,11710000,2548000,NFO,180
Angus,Fraser James Gunn,1996-01-22,Scotland,GK,RIGHT,72,74,73,70,70,71,70,74,6360000,1768000,NFO,196
John,Victor Maciel Furtado,1996-02-13,Brazil,GK,RIGHT,71,71,74,66,66,67,68,76,4950000,1560000,NFO,196
Nicolò,Savona,2003-03-19,Italy,RB,RIGHT,71,80,68,44,58,63,70,69,8680000,1976000,NFO,192
Zach,MacFarlane Abbott,2006-05-13,England,CB,RIGHT,60,77,58,32,48,48,60,60,2120000,364000,NFO,180
Granit,Xhaka,1992-09-27,Switzerland,CDM,LEFT,85,85,47,75,85,74,78,82,39140000,5460000,SUN,186
Nordi,Mukiele Mulere,1997-11-01,France,RB,RIGHT,79,80,72,49,67,71,80,77,19420000,3172000,SUN,187
Reinildo,Isnard Mandava,1994-01-21,Mozambique,LB,LEFT,79,79,81,55,68,74,77,78,14500000,3328000,SUN,180
Omar,Federico Alderete Fernández,1996-12-26,Paraguay,CB,LEFT,78,79,60,61,62,69,79,78,16460000,3016000,SUN,188
Lutsharel,Geertruida,2000-07-18,Netherlands,CB,RIGHT,78,82,72,59,70,75,78,78,23240000,2132000,SUN,185
Mouhamadou,Habib Diarra,2004-01-03,Senegal,CM,RIGHT,77,83,70,68,71,77,71,71,25430000,2080000,SUN,178
Brian,Ebenezer Adjei Brobbey,2002-02-01,Netherlands,ST,RIGHT,77,83,84,73,56,72,30,80,21190000,2704000,SUN,180
Enzo,Jérémy Le Fée,2000-02-03,France,CM,RIGHT,76,80,63,61,76,80,62,56,16690000,2548000,SUN,173
Bertrand,Isidore Traoré,1995-09-06,Burkina Faso,RW,LEFT,75,75,73,72,72,80,47,64,9590000,2808000,SUN,181
Fuka-Arthur,Masuaku Kawela,1993-11-07,Congo DR,LB,LEFT,75,75,79,62,74,78,68,79,7480000,2548000,SUN,179
Trai,Hume,2002-03-18,Northern Ireland,RB,RIGHT,74,79,80,37,61,68,71,79,12440000,1924000,SUN,180
Robin,Roefs,2003-01-17,Netherlands,GK,LEFT,74,84,76,68,68,74,70,76,14730000,1144000,SUN,192
Noah,Junior Sadiki,2004-12-17,Congo DR,CM,RIGHT,74,83,77,65,68,76,68,76,17120000,1716000,SUN,173
Daniel,Neil,2001-12-13,England,CDM,RIGHT,73,81,73,64,66,72,68,77,11710000,1768000,SUN,178
Chemsdine,Talbi,2005-05-09,Morocco,RW,RIGHT,73,86,90,59,64,79,47,57,16370000,1560000,SUN,175
Anthony,Patterson,2000-05-10,England,GK,RIGHT,73,78,73,72,72,71,70,75,10540000,1196000,SUN,189
Daniel,George Ballard,1999-09-22,Northern Ireland,CB,RIGHT,73,78,60,30,53,57,72,81,10540000,1924000,SUN,187
Wilson,Isidor,2000-08-27,France,ST,RIGHT,72,77,81,71,60,70,31,72,8940000,1820000,SUN,186
Luke,Terry O'Nien,1994-11-21,England,CB,RIGHT,72,72,72,58,65,68,70,82,4550000,1924000,SUN,179
Dennis,Cirkin,2002-04-06,England,LB,LEFT,72,78,78,55,64,68,67,63,9260000,1612000,SUN,182
Romaine,Lee Mundle,2003-04-24,England,LW,RIGHT,71,79,80,67,64,73,38,58,8410000,1508000,SUN,177
Eliezer,Mayenda Dossou,2005-05-08,Spain,ST,LEFT,71,82,85,70,61,69,32,70,11090000,1456000,SUN,180
Christopher,John Rigg,2007-06-18,England,CAM,LEFT,70,84,68,61,68,72,60,61,10250000,1040000,SUN,177
Timothée,Joseph Pembélé,2002-09-09,France,RB,RIGHT,70,78,79,49,63,71,66,62,7120000,1300000,SUN,182
Ian,Carlo Poveda-Ocampo,2000-02-09,Colombia,RW,LEFT,69,72,76,57,62,74,33,53,5040000,1300000,SUN,167
Simon,William Moore,1990-05-19,England,GK,RIGHT,66,66,67,68,68,65,64,67,1250000,364000,SUN,191
Leo,Fuhr Hjelde,2003-08-26,Norway,LB,LEFT,66,76,67,32,55,60,66,67,4700000,624000,SUN,188
Abdoullah,Ba,2003-07-31,France,RW,RIGHT,66,70,73,58,62,68,56,64,3830000,676000,SUN,174
Ajibola,Joshua Odunayo Afolarin Alese,2001-01-17,England,LB,LEFT,66,73,75,33,52,60,66,74,3550000,780000,SUN,191
Jay,Matete,2001-02-11,England,CM,RIGHT,64,69,73,55,61,70,62,67,2380000,624000,SUN,176
Joseph,William Anderson,2001-02-06,England,CB,LEFT,63,70,53,35,48,50,63,64,2160000,520000,SUN,185
Harrison,Jones,2004-12-25,England,CAM,LEFT,59,74,68,52,56,60,36,46,1700000,312000,SUN,175
Xavier,Quentin Shay Simons,2003-04-21,Netherlands,CAM,RIGHT,84,87,77,77,80,87,61,70,60330000,6500000,TOT,179
James,Daniel Maddison,1996-11-23,England,CM,RIGHT,84,84,67,81,86,85,58,64,42530000,7540000,TOT,175
João,Maria Lobo Alves Palhinha Gonçalves,1995-07-09,Portugal,CDM,RIGHT,83,83,56,68,70,72,84,85,36040000,4264000,TOT,190
Dejan,Kulusevski,2000-04-25,Sweden,CM,LEFT,83,86,74,79,84,85,62,81,51130000,6500000,TOT,186
Guglielmo,Vicario,1996-10-07,Italy,GK,RIGHT,82,84,83,78,78,78,80,84,33290000,4004000,TOT,194
Micky,van de Ven,2001-04-19,Netherlands,CB,LEFT,82,85,90,49,64,72,82,80,43330000,4940000,TOT,193
Cristian,Gabriel Romero,1998-04-27,Argentina,CB,RIGHT,82,84,66,48,62,65,83,81,33290000,5980000,TOT,185
Pedro,Antonio Porro Sauceda,1999-09-13,Spain,RB,RIGHT,82,85,78,73,81,80,77,76,43330000,5460000,TOT,173
Randal,Kolo Muani,1998-12-05,France,ST,RIGHT,81,82,90,79,71,80,38,65,27050000,4940000,TOT,187
Dominic,Ayodele Solanke-Mitchell,1997-09-14,England,ST,RIGHT,80,80,71,80,66,77,42,83,21930000,5720000,TOT,187
Iyenoma,Destiny Udogie,2002-11-28,Italy,LB,LEFT,80,84,88,64,73,78,76,79,32350000,4368000,TOT,186
Mohammed,Kudus,2000-08-02,Ghana,RW,LEFT,80,83,89,76,72,86,60,74,31120000,4940000,TOT,177
Rodrigo,Bentancur Colmán,1997-06-25,Uruguay,CDM,RIGHT,80,81,64,68,78,79,78,72,22920000,5200000,TOT,187
Brennan,Price Johnson,2001-05-23,Wales,RW,RIGHT,79,83,86,76,72,78,43,59,27420000,4680000,TOT,186
Kevin,Danso,1998-09-19,Austria,CB,RIGHT,79,82,73,32,57,62,78,83,21100000,4680000,TOT,190
Pape,Matar Sarr,2002-09-14,Senegal,CM,RIGHT,79,84,68,66,76,78,77,76,28460000,4368000,TOT,184
Yves,Bissouma,1996-08-30,Mali,CDM,RIGHT,78,78,66,66,74,79,76,74,15750000,4524000,TOT,182
Diop,Tehuti Djed-Hotep Spence,2000-08-09,England,RB,RIGHT,78,82,88,44,71,79,74,72,23240000,3744000,TOT,184
Richarlison,de Andrade,1997-05-10,Brazil,ST,RIGHT,78,78,76,78,72,78,53,75,15750000,5200000,TOT,184
Mathys,Henri Tel,2005-04-27,France,ST,RIGHT,77,86,86,80,67,78,29,64,28130000,3536000,TOT,183
Lucas,Erik Holger Bergvall,2006-02-02,Sweden,CM,RIGHT,77,87,75,63,76,77,71,73,29040000,2964000,TOT,186
Antonín,Kinský,2003-03-13,Czechia,GK,RIGHT,75,81,76,76,76,76,74,75,15220000,1820000,TOT,190
Radu,Matei Drăgușin,2002-02-03,Romania,CB,RIGHT,75,81,67,37,53,65,75,74,15220000,3120000,TOT,191
Archie,Gray,2006-03-12,England,CDM,RIGHT,75,86,71,60,71,73,73,73,21500000,2496000,TOT,187
Benjamin,Thomas Davies,1993-04-24,Wales,CB,LEFT,75,75,53,58,71,71,77,68,7480000,3796000,TOT,181
Wilson,Serge Eric Odobert,2004-11-28,France,LW,RIGHT,75,83,86,70,68,78,30,49,19560000,3068000,TOT,182
Kota,Takai高井 幸大,2004-09-04,Japan,CB,RIGHT,72,79,66,32,55,62,72,69,11510000,2028000,TOT,192
Brandon,Anthony Austin,1999-01-08,England,GK,RIGHT,67,71,69,64,64,65,65,66,3010000,988000,TOT,188
Dane,Pharrell Scarlett,2004-03-24,England,ST,RIGHT,65,78,75,63,52,66,23,63,4360000,936000,TOT,179
Nicholas,Williams Arthuer,2002-07-12,Spain,LW,RIGHT,86,89,93,76,80,87,36,66,84010000,3640000,ATH,181
Unai,Simón Mendibil,1997-06-11,Spain,GK,RIGHT,85,86,84,76,76,80,84,85,52440000,2496000,ATH,190
Oihan,Sancet Tirapu,2000-04-25,Spain,CAM,RIGHT,84,88,76,83,80,85,70,82,62720000,3432000,ATH,188
Daniel,Vivian Moreno,1999-07-05,Spain,CB,RIGHT,84,87,79,50,63,72,84,83,60330000,3224000,ATH,183
Iñaki,Williams Arthuer,1994-06-15,Ghana,RW,RIGHT,83,83,94,81,74,80,45,84,28110000,3328000,ATH,186
Aymeric,Jean Louis Gerard Alphonse Laporte,1994-05-27,Spain,CB,LEFT,82,82,51,50,74,70,83,77,23820000,2912000,ATH,189
Alejandro,Berenguer Remiro,1995-07-04,Spain,LW,RIGHT,82,82,84,77,79,84,65,69,30540000,3068000,ATH,175
Iñigo,Ruiz de Galarreta Etxeberria,1993-08-06,Spain,CDM,RIGHT,80,80,69,65,77,79,76,76,17110000,2548000,ATH,175
Gorka,Guruzeta Rodríguez,1996-09-12,Spain,ST,RIGHT,79,79,73,78,72,78,51,78,18590000,2704000,ATH,188
Yuri,Berchiche Izeta,1990-02-10,Spain,LB,LEFT,79,79,79,68,74,75,77,82,10780000,1768000,ATH,181
Aitor,Paredes Casamichana,2000-04-29,Spain,CB,RIGHT,78,81,68,39,51,56,79,75,22350000,1976000,ATH,186
Mikel,Jauregizar Alboniga,2003-11-13,Spain,CM,RIGHT,78,88,71,70,75,79,72,75,34260000,1612000,ATH,177
Beñat,Prados Díaz,2001-02-08,Spain,CDM,RIGHT,78,84,68,61,72,75,76,77,25010000,1768000,ATH,180
Andoni,Gorosabel Espinosa,1996-08-04,Spain,RB,RIGHT,77,77,78,48,70,73,74,67,13350000,2028000,ATH,174
Jesús,Areso Blanco,1999-07-02,Spain,RB,RIGHT,76,79,76,46,70,72,71,73,16050000,1716000,ATH,182
Iñigo,Lekue Martínez,1993-05-04,Spain,RB,RIGHT,75,75,79,62,70,71,71,74,7480000,1820000,ATH,180
Mikel,Vesga Arruti,1993-04-08,Spain,CDM,LEFT,74,74,40,74,69,64,73,78,6340000,1664000,ATH,191
Robert,Navarro Muñoz,2002-04-12,Spain,RW,RIGHT,74,82,74,69,70,77,34,63,13810000,1456000,ATH,178
Unai,Gómez Etxebarria,2003-05-25,Spain,CAM,LEFT,73,82,67,66,72,74,39,65,12090000,1352000,ATH,183
Adama,Boiro Boiro,2002-06-22,Senegal,LB,LEFT,73,82,75,58,65,69,70,73,12090000,1248000,ATH,183
Maroan,Sannadi Harrouch,2001-02-01,Morocco,ST,RIGHT,73,80,69,71,59,68,33,81,11320000,1456000,ATH,192
Urko,Iruretagoiena Lertxundi,1999-09-29,Spain,ST,RIGHT,71,75,68,72,62,67,25,76,7290000,1300000,ATH,175
Unai,Egiluz Arroyo,2002-03-19,Spain,CB,RIGHT,70,75,58,40,46,46,71,73,6420000,936000,ATH,186
Nicolás,Serrano Galdeano,2003-03-05,Spain,LW,LEFT,70,78,83,63,63,75,24,52,7120000,988000,ATH,176
Alejandro,Padilla Pérez,2003-09-01,Mexico,GK,RIGHT,68,79,70,63,63,67,67,71,6750000,312000,ATH,190
Alejandro,Rego Mora,2003-06-11,Spain,CDM,RIGHT,65,75,60,47,59,64,60,73,3320000,468000,ATH,192
Mikel,Santos Linares,2004-11-01,Spain,GK,LEFT,63,75,65,60,60,64,66,63,3040000,180000,ATH,182
Jan,Oblak,1993-01-07,Slovenia,GK,RIGHT,88,88,85,78,78,90,86,87,64310000,4524000,ATM,188
Julián,Álvarez,2000-01-31,Argentina,ST,RIGHT,87,90,85,87,81,87,57,79,99130000,6500000,ATM,170
Antoine,Griezmann,1991-03-21,France,ST,LEFT,85,85,77,86,85,88,59,73,29100000,5980000,ATM,176
Alexander,Sørloth,1995-12-05,Norway,ST,LEFT,84,84,77,82,71,76,36,85,42530000,5460000,ATM,195
Alejandro,Baena Rodríguez,2001-07-20,Spain,LW,RIGHT,84,89,79,76,84,82,65,68,65120000,4264000,ATM,174
Marcos,Llorente Moreno,1995-01-30,Spain,RB,RIGHT,84,84,89,79,78,81,78,82,33170000,4940000,ATM,184
Dávid,Hancko,1997-12-13,Slovakia,CB,LEFT,83,85,77,66,73,74,82,82,39280000,4264000,ATM,188
Robin,Le Normand,1996-11-11,Spain,CB,RIGHT,83,85,65,28,59,63,84,80,39280000,4472000,ATM,187
José,María Giménez de Vargas,1995-01-20,Uruguay,CB,RIGHT,83,83,73,46,60,62,85,82,28110000,4472000,ATM,185
Pablo,Barrios Rivas,2003-06-15,Spain,CM,RIGHT,82,87,80,70,74,80,74,71,46770000,3588000,ATM,181
Giuliano,Simeone Baldini,2002-12-18,Argentina,RW,RIGHT,81,86,91,73,72,81,45,81,39630000,3276000,ATM,173
João,Lucas de Souza Cardoso,2001-09-20,United States,CDM,RIGHT,81,87,72,67,76,78,80,77,41090000,3120000,ATM,182
Jorge,Resurrección Merodio,1992-01-08,Spain,CM,RIGHT,81,81,61,72,83,78,76,77,15010000,3952000,ATM,176
Conor,Gallagher,2000-02-06,England,CM,RIGHT,81,85,75,76,80,78,79,84,38180000,3640000,ATM,182
Clément,Nicolas Laurent Lenglet,1995-06-17,France,CB,LEFT,80,80,54,45,69,64,82,76,17110000,3536000,ATM,186
Javier,Galán Gil,1994-11-19,Spain,LB,LEFT,80,80,78,56,75,79,77,73,17110000,3536000,ATM,172
Juan,Agustín Musso,1994-05-06,Argentina,GK,RIGHT,79,79,79,73,73,77,81,82,14500000,2184000,ATM,191
Thiago,Ezequiel Almada,2001-04-26,Argentina,CAM,RIGHT,79,86,79,74,79,83,51,58,30550000,2964000,ATM,171
Nahuel,Molina Lucero,1998-04-06,Argentina,RB,RIGHT,79,80,82,67,73,76,75,71,19420000,3172000,ATM,175
Giacomo,Raspadori,2000-02-18,Italy,ST,RIGHT,78,81,78,78,71,84,28,58,22350000,3172000,ATM,172
Nicolás,Iván González,1998-04-06,Argentina,RW,LEFT,78,78,82,75,73,78,45,61,15750000,4940000,ATM,180
Matteo,Ruggeri,2002-07-11,Italy,LW,LEFT,75,83,78,60,73,71,72,73,16300000,2184000,ATM,187
Marc,Pubill Pagés,2003-06-20,Spain,RB,RIGHT,73,82,79,55,66,71,69,78,12090000,1768000,ATM,190
Carlos,Martín Domínguez,2002-04-22,Spain,ST,RIGHT,70,78,74,71,60,70,28,62,7120000,1508000,ATM,181
Ilias,KostisΗλίας Κωστής,2003-02-27,Greece,CB,LEFT,68,78,54,22,45,51,67,69,5460000,1040000,ATM,188
Ante,Budimir,1991-07-22,Croatia,ST,LEFT,82,82,59,84,63,76,35,80,17710000,2756000,OSA,190
Sergio,Herrera Pirón,1993-06-06,Spain,GK,RIGHT,79,79,79,75,75,78,77,80,14500000,1300000,OSA,192
Alejandro,Catena Marugán,1994-10-28,Spain,CB,RIGHT,79,79,64,39,63,53,79,78,14500000,2028000,OSA,194
Flavien,Enzo Thiedort Boyomo,2001-10-07,Cameroon,CB,RIGHT,78,85,74,38,52,51,79,81,25890000,1508000,OSA,181
Lucas,Torró Marset,1994-07-19,Spain,CDM,RIGHT,78,78,39,63,69,68,76,75,12290000,1820000,OSA,190
Rubén,García Santos,1993-07-14,Spain,RW,LEFT,78,78,74,76,79,78,45,53,12290000,1924000,OSA,172
Jon,Moncayola Tollar,1998-05-13,Spain,CM,RIGHT,78,79,63,67,75,78,73,70,16460000,1820000,OSA,182
Aitor,Fernández Abarisketa,1991-05-03,Spain,GK,RIGHT,77,77,77,68,68,74,76,80,7740000,1144000,OSA,182
Valentin,André Henri Rosier,1996-08-19,France,RB,RIGHT,77,77,81,52,71,76,72,75,13350000,1716000,OSA,175
Aimar,Oroz Huarte,2001-11-27,Spain,CM,RIGHT,77,83,66,74,74,78,64,65,21190000,1508000,OSA,177
Moisés,Gómez Bordonado,1994-06-23,Spain,CM,RIGHT,77,77,64,74,79,77,61,61,10410000,1768000,OSA,176
Abel,Bretones Cruz,2000-08-21,Spain,LB,LEFT,75,80,77,65,70,69,70,77,14680000,1248000,OSA,188
Sheraldo,Rudi Becker,1995-02-09,Suriname,ST,RIGHT,75,75,92,72,70,76,35,71,7480000,1716000,OSA,180
Jorge,Herrando Oroz,2001-02-28,Spain,CB,LEFT,74,81,49,37,57,67,76,66,13360000,1144000,OSA,192
Juan,Cruz Álvaro Armada,1992-07-28,Spain,LB,LEFT,74,74,69,40,62,64,73,71,6340000,1404000,OSA,182
Enrique,Barja Alfonso,1997-04-01,Spain,RW,RIGHT,74,74,74,66,69,74,35,58,8130000,1456000,OSA,179
Raúl,García de Haro,2000-11-03,Spain,ST,RIGHT,73,80,66,74,61,70,25,68,11320000,1196000,OSA,192
Iker,Muñoz Cameros,2002-11-05,Spain,CM,RIGHT,71,82,55,62,64,70,68,62,9240000,936000,OSA,180
Iker,Benito Sánchez,2002-08-10,Spain,LW,RIGHT,69,78,80,61,65,69,50,60,6240000,728000,OSA,176
Ander,Yoldi Aizagar,2000-09-09,Spain,CAM,RIGHT,66,69,73,63,63,66,32,59,3070000,520000,OSA,187
Víctor,Muñoz Villanueva,2003-07-13,Spain,LW,RIGHT,65,77,72,61,60,66,26,39,4230000,364000,OSA,173
Mauro,Echegoyen Berrozpe,2005-03-03,Spain,CDM,RIGHT,64,73,65,48,56,58,61,63,3270000,312000,OSA,177
Raúl,Chasco Ruiz,2003-09-13,Spain,LB,LEFT,62,72,66,37,53,59,58,56,2420000,260000,OSA,179
Asier,Osambela Larraya,2004-10-30,Spain,CM,RIGHT,61,76,63,52,54,60,58,65,2370000,260000,OSA,186
Dimitrios,StamatakisΔημήτριος Σταματάκης,2003-04-23,Greece,GK,RIGHT,60,72,57,62,62,62,61,61,1540000,180000,OSA,191
Iñigo,Arguibide Goñi,2005-04-19,Spain,RW,RIGHT,59,76,57,49,56,61,51,49,1800000,208000,OSA,178
Iago,Aspas Juncal,1987-08-01,Spain,RW,LEFT,83,83,77,84,80,84,35,62,20900000,1976000,CEL,176
Óscar,Mingueza García,1999-05-13,Spain,RB,RIGHT,80,83,80,66,77,77,76,76,24900000,1768000,CEL,184
Borja,Iglesias Quintas,1993-01-17,Spain,ST,RIGHT,80,80,62,82,71,74,40,77,17110000,2080000,CEL,187
Marcos,Alonso Mendoza,1990-12-28,Spain,CB,LEFT,79,79,57,74,80,74,80,77,10780000,1716000,CEL,188
Carl,Anders Theodor Starfelt,1995-06-01,Sweden,CB,RIGHT,78,78,74,31,56,68,78,78,12290000,1560000,CEL,187
Francisco,José Beltrán Peinado,1999-02-03,Spain,CM,RIGHT,78,81,56,67,76,77,76,69,17880000,1560000,CEL,165
Moriba,Kourouma Kourouma,2003-01-19,Guinea,CM,RIGHT,78,83,67,71,71,75,74,74,24120000,1352000,CEL,185
Bryan,Zaragoza Martínez,2001-09-09,Spain,LW,RIGHT,77,83,82,72,72,82,30,44,21190000,2340000,CEL,164
Javier,Rodríguez Galiano,2003-06-26,Spain,RB,RIGHT,76,82,74,45,68,71,73,72,17960000,1144000,CEL,178
Hugo,Álvarez Antúnez,2003-07-02,Spain,LW,RIGHT,76,82,72,68,73,76,63,60,21550000,1040000,CEL,176
Sergio,Carreira Vilariño,2000-10-13,Spain,RW,RIGHT,75,78,76,52,72,75,68,65,13600000,1144000,CEL,170
Joseph,Aidoo,1995-09-29,Ghana,CB,RIGHT,75,76,69,27,46,50,74,80,10020000,1300000,CEL,184
Ferran,Jutglà Blanch,1999-02-01,Spain,ST,RIGHT,75,75,76,75,65,77,29,77,9590000,1404000,CEL,175
Pablo,Durán Fernández,2001-05-15,Spain,ST,RIGHT,74,78,72,74,64,74,36,68,11980000,1144000,CEL,176
Carlos,Domínguez Cáceres,2001-02-11,Spain,CB,LEFT,74,79,63,28,56,56,74,72,12440000,988000,CEL,187
Franco,Emanuel Cervi,1994-05-26,Argentina,LW,LEFT,74,74,82,66,71,76,55,50,6340000,1248000,CEL,166
Ionuț,Andrei Radu,1997-05-28,Romania,GK,RIGHT,74,74,74,69,69,71,70,77,8130000,780000,CEL,188
Williot,Theo Swedberg,2004-02-01,Sweden,LW,RIGHT,74,81,74,69,71,76,61,62,16030000,988000,CEL,187
Iván,Villar Martínez,1997-07-09,Spain,GK,RIGHT,73,76,72,71,71,71,72,76,7820000,676000,CEL,186
Damián,Rodríguez Sousa,2003-03-17,Spain,CM,LEFT,73,79,71,60,70,71,70,70,10930000,936000,CEL,180
Mihailo,Ristić,1995-10-31,Serbia,LB,LEFT,73,73,73,64,66,72,68,68,6890000,1092000,CEL,180
Hugo,Sotelo Gómez,2003-12-19,Spain,CM,RIGHT,73,79,69,66,70,72,67,67,13120000,832000,CEL,180
Yoel,Lago Amil,2004-03-25,Spain,CB,RIGHT,72,79,62,27,56,56,72,71,11510000,676000,CEL,185
Manuel,Fernández Arroyo,2001-04-23,Spain,CB,RIGHT,70,75,60,43,55,57,70,68,6420000,676000,CEL,185
Miguel,Román González,2002-12-26,Spain,CM,RIGHT,68,78,63,51,64,68,61,56,5460000,572000,CEL,178
Javier,Rueda García,2002-05-08,Spain,RB,RIGHT,68,75,77,40,60,68,63,61,4950000,520000,CEL,177
Jaime,Vázquez Cuervo Arango,2006-02-01,Spain,CB,LEFT,65,77,66,36,60,61,64,67,4230000,312000,CEL,184
Jones,El-Abdellaoui,2006-01-12,Morocco,RW,RIGHT,64,79,80,58,59,64,26,46,3900000,260000,CEL,184
Carlos,Vicente Robles,1999-04-23,Spain,RW,RIGHT,78,79,79,72,74,76,31,58,16460000,1612000,ALA,179
Facundo,Nahuel Tenaglia,1996-02-21,Argentina,RB,RIGHT,76,76,69,44,65,75,77,78,11310000,1404000,ALA,181
Ander,Guevara Lajo,1997-07-07,Spain,CDM,RIGHT,76,77,41,63,72,71,72,69,11820000,1352000,ALA,180
Antonio,Sivera Salvá,1996-08-11,Spain,GK,RIGHT,76,78,76,77,77,74,75,78,12330000,936000,ALA,185
Jonathan,Castro Otto,1994-03-03,Spain,RB,RIGHT,74,74,72,55,69,74,72,68,6340000,1248000,ALA,170
Antonio,Blanco Conde,2000-07-23,Spain,CDM,RIGHT,74,81,46,59,72,67,70,62,13360000,1040000,ALA,176
Jon,Pacheco Dozagarat,2001-01-08,Spain,CB,LEFT,74,82,48,22,52,51,75,68,13810000,1300000,ALA,184
Antonio,Martínez López,1997-06-30,Spain,ST,RIGHT,74,74,67,74,60,70,24,78,8130000,1404000,ALA,187
Denis,Suárez Fernández,1994-01-06,Spain,CM,RIGHT,74,74,55,70,77,75,63,52,6340000,1300000,ALA,176
Jon,Guridi Aldalur,1995-02-28,Spain,CAM,LEFT,74,74,60,69,72,76,65,56,6340000,1352000,ALA,179
Carlos,Nahuel Benavidez Protesoni,1998-03-30,Uruguay,CDM,RIGHT,73,76,65,49,66,69,73,71,7820000,1092000,ALA,185
Lucas,Ariel Boyé,1996-02-28,Argentina,ST,RIGHT,73,73,69,73,64,72,49,80,6890000,1300000,ALA,183
Carles,Aleñá Castillo,1998-01-05,Spain,RW,LEFT,73,73,66,69,71,74,58,59,6890000,1144000,ALA,180
Facundo,Tomás Garcés,1999-09-05,Malaysia,CB,RIGHT,73,78,52,37,53,61,73,77,10540000,1040000,ALA,188
Raúl,Fernández Cavada Mateos,1988-03-13,Spain,GK,RIGHT,72,72,71,67,67,73,74,71,3380000,416000,ALA,195
Pablo,Ibáñez Lumbreras,1998-09-20,Spain,CM,RIGHT,72,73,51,59,68,69,66,57,6100000,1040000,ALA,179
Moussa,Diarra,2000-11-10,Mali,CB,LEFT,71,77,64,32,57,65,71,72,7850000,780000,ALA,185
Mariano,Díaz Mejía,1993-08-01,Dominican Republic,ST,RIGHT,70,70,70,71,60,70,43,70,3270000,936000,ALA,180
Nikola,Maraš,1995-12-19,Serbia,CB,RIGHT,69,70,59,38,50,55,68,77,3710000,728000,ALA,189
Calebe,Ferreira da Silva,2000-04-30,Brazil,CAM,LEFT,69,74,69,66,69,71,58,58,5440000,728000,ALA,173
Abderrahman,Rebbach,1998-08-11,Algeria,LW,RIGHT,69,69,73,70,65,68,36,68,3550000,728000,ALA,176
Victor,Parada González,2002-04-04,Spain,LB,LEFT,67,71,73,46,62,61,64,71,3760000,468000,ALA,185
Youssef,Enríquez,2005-10-07,Morocco,LB,LEFT,63,81,78,44,56,67,56,53,3570000,208000,ALA,170
Lander,Pinillos Wilson,2003-10-06,Spain,CAM,RIGHT,62,75,73,58,60,63,55,64,2650000,260000,ALA,176
Grégoire,Swiderski,2005-10-05,Canada,GK,RIGHT,61,77,63,60,60,61,61,63,2440000,180000,ALA,187
André,Miguel Valente da Silva,1995-11-06,Portugal,ST,RIGHT,76,76,72,76,70,75,46,74,11310000,1352000,ELC,185
Ignacio,Peña Sotorres,1999-03-02,Spain,GK,RIGHT,76,81,75,77,77,73,75,78,13860000,2132000,ELC,184
David,Leopold Affengruber,2001-03-19,Austria,CB,RIGHT,75,84,73,41,56,69,75,83,16840000,936000,ELC,185
Adrià,Giner Pedrosa,1998-05-13,Spain,LB,LEFT,75,76,87,60,69,78,68,72,10020000,1404000,ELC,176
Matías,Ezequiel Dituro Curto,1987-05-08,Argentina,GK,RIGHT,75,75,74,77,77,72,74,77,5560000,468000,ELC,191
Pedro,Bigas Rigo,1990-09-15,Spain,CB,LEFT,74,74,57,52,64,65,74,79,4710000,1092000,ELC,181
Álvaro,Núñez Cobo,2000-07-07,Spain,RB,RIGHT,72,77,75,44,68,70,67,73,8940000,728000,ELC,177
José,Antonio Ferrández Pomares,1989-12-03,Spain,RW,RIGHT,72,72,80,67,66,74,67,46,3380000,676000,ELC,175
Aleix,Febas Pérez,1996-02-02,Spain,CM,RIGHT,72,72,74,61,72,74,64,70,5840000,936000,ELC,172
Federico,Redondo Solari,2003-01-18,Argentina,CM,RIGHT,72,79,72,61,69,72,69,77,9590000,780000,ELC,188
Rafael,Mir Vicente,1997-06-18,Spain,ST,RIGHT,72,72,73,72,65,67,45,76,5840000,1248000,ELC,191
Víctor,Chust García,2000-03-05,Spain,CB,RIGHT,71,77,67,30,52,54,72,68,7850000,312000,ELC,184
Germán,Valera Karabinaite,2002-03-16,Spain,RW,LEFT,71,77,85,62,65,73,26,46,7850000,676000,ELC,170
Léo,Pétrot,1997-04-15,France,LB,LEFT,70,70,65,33,54,58,71,78,4190000,728000,ELC,188
Marc,Aguado Pallarés,2000-02-22,Spain,CDM,LEFT,70,77,65,54,68,65,68,62,6890000,676000,ELC,178
Martim,Carvalho Neto,2003-01-14,Portugal,CM,RIGHT,70,80,76,67,67,74,61,69,7600000,624000,ELC,184
Grady,George Diangana,1998-04-19,Congo DR,CAM,LEFT,70,70,82,63,66,72,27,58,4190000,728000,ELC,180
John,Chetauya Nwankwo Donald Okeh,2000-09-25,Spain,CB,RIGHT,69,76,52,43,58,64,71,63,5840000,520000,ELC,182
Héctor,Fort García,2006-08-02,Spain,RB,RIGHT,68,82,72,35,61,62,65,61,7360000,988000,ELC,185
Álvaro,Daniel Rodríguez Muñoz,2004-07-14,Uruguay,ST,LEFT,68,82,63,66,60,66,22,59,7360000,468000,ELC,193
Yago,de Santiago Alonso,2003-04-15,Spain,LW,RIGHT,68,80,75,60,65,69,31,51,5790000,520000,ELC,178
Bambo,Diaby Diaby,1997-12-17,Senegal,CB,RIGHT,68,70,65,35,54,57,64,79,3280000,572000,ELC,188
Alejandro,Iturbe Encabo,2003-09-02,Spain,GK,RIGHT,66,78,66,66,66,64,65,69,4990000,180000,ELC,186
Rodrigo,Mendoza Martinez Moya,2005-03-15,Spain,CM,RIGHT,66,83,67,62,64,67,65,57,5720000,312000,ELC,182
Ali,Houary Jeddoub,2005-08-05,Spain,CAM,RIGHT,62,76,62,55,60,64,40,51,2730000,208000,ELC,178
Adam,Boayar Benaisa,2005-10-13,Morocco,ST,RIGHT,61,75,61,62,48,61,24,50,2310000,208000,ELC,178
Luis,Roldán López,2003-03-17,Spain,CM,RIGHT,61,72,62,55,56,55,54,57,1770000,208000,ELC,182
José,Nicolás González Richart,2006-05-15,Spain,RB,RIGHT,61,75,73,40,48,59,59,51,2310000,180000,ELC,179
Antonio,Martínez Bastida,2006-04-09,Spain,CM,RIGHT,59,71,65,52,57,62,51,50,1570000,180000,ELC,176
Albert,Constantin Niculăesei Plesca,2008-03-25,Romania,LB,LEFT,58,75,60,46,52,59,55,55,1520000,180000,ELC,186
Pedro,González López,2002-11-25,Spain,CM,RIGHT,89,93,77,73,85,91,78,77,143500000,8840000,BAR,174
Raphael,Dias Belloli,1996-12-14,Brazil,LW,LEFT,89,89,91,84,85,87,53,75,97290000,10400000,BAR,176
Lamine,Yamal Nasraoui Ebana,2007-07-13,Spain,RW,LEFT,89,95,85,81,86,90,23,53,185330000,5200000,BAR,180
Robert,Lewandowski,1988-08-21,Poland,ST,RIGHT,88,88,74,89,79,85,44,84,47820000,8060000,BAR,185
Jules,Olivier Koundé,1998-11-12,France,RB,RIGHT,87,88,84,47,74,79,86,84,73010000,8060000,BAR,180
Frenkie,de Jong,1997-05-12,Netherlands,CM,RIGHT,87,87,82,71,85,87,78,77,69870000,8840000,BAR,181
Marc-André,ter Stegen,1992-04-30,Germany,GK,RIGHT,86,86,84,89,89,84,84,85,34340000,4940000,BAR,187
Daniel,Olmo Carvajal,1998-05-07,Spain,CAM,RIGHT,85,86,73,79,83,87,50,56,52440000,7280000,BAR,179
Wojciech,Tomasz Szczęsny,1990-04-18,Poland,GK,RIGHT,84,84,82,75,75,83,84,84,24660000,2548000,BAR,196
Joan,García Pons,2001-05-04,Spain,GK,RIGHT,83,89,81,77,77,82,83,86,57210000,2860000,BAR,191
Ronald,Federico Araújo da Silva,1999-03-07,Uruguay,CB,RIGHT,83,86,80,53,63,61,81,83,40900000,5720000,BAR,188
Alejandro,Balde Martínez,2003-10-18,Spain,LB,LEFT,83,87,91,50,75,79,78,67,63790000,4160000,BAR,175
Pablo,Martín Páez Gavira,2004-08-05,Spain,CM,RIGHT,83,89,76,66,78,85,68,70,68650000,4420000,BAR,173
Ferran,Torres García,2000-02-29,Spain,LW,RIGHT,83,86,83,81,79,83,35,68,51130000,5980000,BAR,184
Pau,Cubarsí Paredes,2007-01-22,Spain,CB,RIGHT,82,88,70,42,66,77,84,76,58180000,3328000,BAR,184
Andreas,Bødtker Christensen,1996-04-10,Denmark,CB,RIGHT,80,81,64,32,67,70,81,74,22920000,4680000,BAR,187
Marcus,Rashford,1997-10-31,England,LW,RIGHT,80,80,87,82,77,80,33,63,21930000,4576000,BAR,186
Fermín,López Marín,2003-05-11,Spain,CAM,RIGHT,80,87,74,75,75,82,62,55,36050000,4160000,BAR,174
Marc,Casadó Torras,2003-09-14,Spain,CDM,RIGHT,79,86,57,64,72,80,77,62,36670000,3120000,BAR,172
Eric,García Martret,2001-01-09,Spain,CB,RIGHT,79,84,63,48,70,71,80,73,28460000,3692000,BAR,182
Gerard,Martín Langreo,2002-02-26,Spain,LB,LEFT,74,82,71,52,70,69,72,68,13810000,2548000,BAR,186
Marc,Bernal Casas,2007-05-26,Spain,CDM,LEFT,73,85,61,53,71,74,70,63,15910000,1716000,BAR,191
Roony,Bardghji,2005-11-15,Sweden,RW,LEFT,69,82,73,68,63,74,25,53,8440000,1248000,BAR,173
Antonio,Fernández Casino,2008-07-15,Spain,RW,LEFT,64,83,74,59,58,66,23,49,4320000,572000,BAR,176
Jofre,Torrents Salvat,2007-01-28,Spain,LB,LEFT,61,79,66,32,55,60,54,63,2570000,416000,BAR,185
Guillermo,Fernández Casino,2008-06-18,Spain,CM,RIGHT,60,80,67,60,55,63,44,63,2280000,312000,BAR,181
Pedro,Fernández,2008-01-12,Spain,CAM,RIGHT,59,76,67,49,58,63,31,53,1800000,312000,BAR,178
Diego,Kochen,2006-03-19,United States,GK,RIGHT,58,77,55,58,58,59,54,58,1600000,180000,BAR,190
David,Soria Solís,1993-04-04,Spain,GK,RIGHT,81,81,81,74,74,79,80,82,20190000,1508000,GET,192
Mauro,Wilney Arambarri Rosa,1995-09-30,Uruguay,CM,RIGHT,80,80,65,79,76,77,79,79,21930000,2236000,GET,175
Luis,Milla Manzanares,1994-10-07,Spain,CM,RIGHT,79,79,69,72,80,76,75,73,14500000,2080000,GET,175
Dakonam,Ortega Djené,1991-12-31,Togo,CB,RIGHT,77,77,66,43,67,67,77,77,7740000,1716000,GET,178
Borja,Mayoral Moya,1997-04-05,Spain,ST,RIGHT,77,77,65,79,71,75,39,66,13350000,1924000,GET,182
Diego,Rico Salguero,1993-02-23,Spain,LB,LEFT,77,77,70,57,77,73,76,76,10410000,1716000,GET,183
Javier,Muñoz Jiménez,1995-02-28,Spain,CM,RIGHT,76,76,72,65,74,74,70,78,8820000,1664000,GET,177
Francisco,Femenía Far,1991-02-02,Spain,RB,RIGHT,75,75,68,56,70,69,73,66,5560000,1508000,GET,174
Yvan,Neyou Noupa,1997-01-03,Cameroon,CM,RIGHT,75,75,62,63,71,77,74,72,9590000,1560000,GET,180
Domingos,de Sousa Coutinho Meneses Duarte,1995-03-10,Portugal,CB,RIGHT,74,74,42,36,57,52,75,74,6340000,1404000,GET,190
Abdelkabir,Abqar,1999-03-10,Morocco,CB,RIGHT,74,79,49,31,54,63,76,69,9950000,1352000,GET,188
Juan,Miguel Jiménez López,1993-05-20,Spain,ST,RIGHT,74,74,74,73,69,75,31,60,6340000,1612000,GET,172
Juan,Antonio Iglesias Sánchez,1998-07-03,Spain,RB,RIGHT,74,75,79,39,61,66,71,69,8490000,1352000,GET,187
Alejandro,San Cristóbal Sánchez,1997-01-01,Spain,RW,RIGHT,73,73,79,68,70,70,29,58,6890000,1352000,GET,181
Coba,Gomes da Costa,2002-07-26,Spain,LW,RIGHT,71,80,78,65,66,74,32,47,8680000,936000,GET,182
Adrián,Liso Lahoz,2005-04-02,Spain,LW,LEFT,69,85,80,68,61,70,31,71,9160000,260000,GET,182
Jiří,Letáček,1999-01-09,Czechia,GK,RIGHT,69,74,70,65,65,68,69,71,4350000,520000,GET,196
Abu,Kamara,2003-07-21,England,RW,LEFT,68,78,86,63,59,71,39,60,6550000,624000,GET,186
Mario,Martín Rielves,2004-03-05,Spain,CM,RIGHT,68,79,65,53,67,70,63,58,6750000,2132000,GET,177
David,Cordón Mancha,2007-10-16,Spain,LB,LEFT,64,80,75,48,54,62,59,61,4010000,208000,GET,182
Alberto,Risco Alcántara,2005-08-30,Spain,CAM,LEFT,62,75,56,57,62,63,42,46,2650000,260000,GET,178
Ismael,Bekhoucha Lemlal,2004-11-20,Morocco,RB,RIGHT,61,74,73,39,50,60,55,62,2250000,208000,GET,180
Jorge,Benito de Valle Martín,2006-06-06,Spain,GK,RIGHT,58,73,61,59,59,58,55,58,1440000,180000,GET,182
Mathew,David Ryan,1992-04-08,Australia,GK,RIGHT,78,78,76,80,80,78,77,79,9140000,1040000,LEV,184
Carlos,Álvarez Rivera,2003-08-06,Spain,RW,LEFT,75,82,77,71,72,78,40,58,18910000,988000,LEV,168
Manuel,Sánchez de la Peña,2000-08-24,Spain,LB,LEFT,75,80,70,44,64,70,73,60,14680000,1092000,LEV,171
José,Luis Morales Nogales,1987-07-23,Spain,ST,RIGHT,74,74,78,76,72,77,52,66,4710000,1092000,LEV,180
Roger,Brugué Ayguadé,1996-11-04,Spain,ST,LEFT,74,74,88,70,63,77,43,70,8130000,1404000,LEV,174
Jon,Ander Olasagasti Imizcoz,2000-08-16,Spain,CM,LEFT,74,79,63,65,72,71,71,73,12440000,1092000,LEV,176
Jeremy,Isaiah Richard Toljan,1994-08-08,Germany,RB,RIGHT,73,73,82,42,66,70,66,64,5370000,1144000,LEV,182
Unai,Elgezabal Udondo,1993-04-25,Spain,CB,RIGHT,73,73,58,50,58,60,74,76,5370000,1144000,LEV,185
Goduine,Koyalipou,2000-02-15,Central African Republic,ST,RIGHT,73,77,75,72,60,70,31,68,10160000,1092000,LEV,184
Pablo,Martínez Andrés,1998-02-22,Spain,LW,RIGHT,73,73,71,70,71,72,62,71,6890000,1144000,LEV,182
Oriol,Rey Erenas,1998-02-25,Spain,CM,LEFT,73,74,57,61,72,72,70,74,7200000,1144000,LEV,180
Kervin,Fabián Arriaga Villanueva,1998-01-05,Honduras,CDM,RIGHT,73,76,61,49,63,62,74,83,7820000,1092000,LEV,191
Adrián,de la Fuente Barquilla,1999-02-26,Spain,CB,RIGHT,72,77,72,60,63,63,73,73,7150000,988000,LEV,179
Iker,Losada Aragunde,2001-08-01,Spain,CAM,RIGHT,72,78,72,70,72,73,39,56,9260000,884000,LEV,175
Iván,Romero de Ávila Araque,2001-04-10,Spain,ST,RIGHT,71,78,84,68,59,76,42,63,8130000,884000,LEV,172
Unai,Vencedor Paris,2000-11-15,Spain,CDM,RIGHT,71,75,62,67,70,70,67,73,7290000,1040000,LEV,176
Pablo,Cuñat Campos,2002-04-28,Spain,GK,RIGHT,69,77,70,64,64,67,65,73,6040000,364000,LEV,188
Diego,Varela Pampín,2000-03-15,Spain,LB,LEFT,69,73,78,41,63,69,62,64,5240000,676000,LEV,173
Víctor,García Raja,1997-01-01,Spain,RW,RIGHT,69,69,71,66,65,68,50,62,3550000,780000,LEV,180
Carlos,Espí Escrihuela,2005-07-24,Spain,ST,RIGHT,68,83,71,64,56,64,37,74,7560000,520000,LEV,194
Karl,Edouard Blaise Etta Eyong,2003-10-14,Cameroon,ST,RIGHT,68,81,66,69,57,65,27,61,7160000,572000,LEV,181
Jorge,Cabello Trujillo,2004-04-25,Spain,CB,LEFT,66,77,67,39,55,53,68,65,4850000,364000,LEV,180
Alan,Agustín Matturro Romero,2004-10-11,Uruguay,CB,LEFT,66,79,64,30,52,54,67,65,5140000,312000,LEV,189
Matías,Agustín Moreno,2003-09-24,Argentina,CB,RIGHT,65,75,53,28,35,42,69,66,3980000,468000,LEV,193
Nacho,Pérez Gómez,2008-09-01,Spain,RB,RIGHT,62,77,70,37,55,60,57,48,2800000,180000,LEV,176
Martín,Wilhelm Krug,2006-07-09,Panama,CB,RIGHT,62,76,58,30,44,49,61,69,2730000,208000,LEV,192
Alejandro,Primo Hernández,2004-07-10,Spain,GK,RIGHT,60,74,61,55,55,60,58,62,1960000,180000,LEV,187
Alfonso,Herrero Peinador,1994-04-21,Spain,GK,RIGHT,74,74,73,62,62,73,73,75,6340000,260000,MAL,183
Darko,Brašanac,1992-02-12,Serbia,CDM,RIGHT,70,70,43,68,67,67,70,69,2430000,260000,MAL,178
Francisco,Javier Montero Rubio,1999-01-14,Spain,CB,LEFT,70,75,67,29,52,59,70,71,5130000,260000,MAL,185
David,Larrubia Romano,2002-04-20,Spain,RW,LEFT,69,78,69,63,66,72,38,52,6240000,208000,MAL,172
Joaquín,Muñoz Benavides,1999-03-10,Spain,LW,LEFT,69,70,82,62,63,70,24,60,3710000,208000,MAL,173
Luis,Miguel Sánchez Benítez,1992-05-05,Spain,CM,RIGHT,69,69,53,61,63,67,67,78,2060000,260000,MAL,180
Daniel,Rodríguez Sánchez,2000-01-14,Spain,LB,LEFT,68,73,77,54,60,65,62,66,4610000,208000,MAL,171
Carlos,Francisco Puga Medina,2000-11-26,Spain,RB,RIGHT,68,75,71,37,57,65,64,63,4950000,180000,MAL,175
Carlos,Dotor Gonzalez,2001-03-15,Spain,CM,RIGHT,68,74,56,62,65,70,62,59,4780000,572000,MAL,180
Eneko,Jauregi Escobar,1996-07-13,Spain,ST,RIGHT,68,68,62,69,52,62,25,67,3010000,260000,MAL,184
Julen,Lobete Cienfuegos,2000-09-18,Spain,ST,RIGHT,67,72,71,65,58,68,23,59,3910000,180000,MAL,180
Álex,Pastor Carayol,1999-10-01,Spain,CB,RIGHT,67,73,55,27,51,54,66,71,4050000,180000,MAL,186
Jokin,Gabilondo Garmendia,1999-04-09,Spain,RB,RIGHT,67,70,78,40,58,64,63,64,2890000,180000,MAL,178
Carlos,Ruiz Rubio,2004-08-24,Spain,ST,RIGHT,67,80,62,66,55,64,23,67,6060000,180000,MAL,185
Einar,Galilea Azaceta,1994-05-22,Spain,CB,LEFT,66,66,53,32,44,47,65,72,1690000,180000,MAL,182
Izan,Merino Rodríguez,2006-04-15,Spain,CM,RIGHT,66,80,58,52,60,66,64,65,5290000,180000,MAL,183
Adrián,Niño Heredia,2004-06-19,Spain,ST,RIGHT,65,77,65,65,52,66,26,52,4230000,180000,MAL,184
Josué,Dorrio Ortega,1994-03-03,Spain,RW,RIGHT,65,65,75,57,62,65,41,58,1430000,180000,MAL,170
Víctor,García Marín,1994-05-31,Spain,LB,LEFT,65,65,70,51,62,63,60,60,1430000,180000,MAL,180
Juan,Pedro Jiménez Melero,1996-01-31,Spain,CM,RIGHT,65,65,71,62,65,64,60,73,1830000,180000,MAL,183
Aarón,Ochoa Moloney,2007-04-18,Republic of Ireland,CAM,RIGHT,65,81,66,60,62,67,40,51,4730000,180000,MAL,167
Ramón,Enríquez Rodríguez,2001-04-19,Spain,CM,RIGHT,64,71,66,61,64,62,58,65,2550000,180000,MAL,173
Daniel,Lorenzo Guerrero,2003-04-05,Spain,CM,RIGHT,64,75,69,52,65,67,60,58,2900000,180000,MAL,176
Diego,Murillo Dominguez,2001-03-14,Spain,RB,RIGHT,63,70,60,34,48,52,65,65,2160000,180000,MAL,182
Haitam,Abaida El Achhab,2002-06-01,Morocco,RW,LEFT,63,72,81,56,58,66,25,42,2310000,180000,MAL,172
Moussa,Diarra,2003-01-22,Mali,CB,RIGHT,63,73,72,35,49,46,62,69,2380000,180000,MAL,190
Ángel,Recio Gutiérrez,2003-01-05,Spain,CB,RIGHT,62,72,65,27,46,48,62,67,2020000,180000,MAL,185
Carlos,López Nogueras,2004-11-13,Spain,GK,RIGHT,61,75,61,59,59,59,59,64,2310000,180000,MAL,183
Rafael,Rodríguez Ruiz,2003-07-10,Spain,CM,RIGHT,61,72,61,55,59,60,55,55,2120000,180000,MAL,180
Andrés,Céspedes Rubio,2004-07-22,Spain,GK,RIGHT,58,68,59,48,48,58,56,57,1250000,180000,MAL,186
Iñigo,Vicente Elorduy,1998-01-06,Spain,LW,RIGHT,75,75,80,68,74,75,47,63,9590000,520000,RAC,178
Andrés,Martín García,1999-07-11,Spain,RW,LEFT,74,75,82,72,72,73,35,67,10610000,468000,RAC,178
Asier,Villalibre Molina,1997-09-30,Spain,ST,LEFT,73,74,71,74,56,69,39,81,7200000,1248000,RAC,184
Jokin,Ezkieta Mendiburu,1996-08-17,Spain,GK,RIGHT,72,74,71,67,67,70,69,75,6360000,260000,RAC,193
Aritz,Aldasoro Sarriegi,1999-06-05,Spain,CDM,RIGHT,70,75,68,65,65,70,67,69,5130000,312000,RAC,176
Juan,Carlos Arana Gómez,2000-02-08,Spain,ST,RIGHT,70,75,71,70,55,70,33,65,6420000,364000,RAC,182
Javier,Castro Urdín,2000-09-13,Spain,CB,RIGHT,70,77,64,32,48,63,71,72,6890000,260000,RAC,183
Plamen,Andreev,2004-12-15,Bulgaria,GK,RIGHT,69,79,70,64,64,65,66,73,7720000,180000,RAC,192
Clément,Jérôme Michelin,1997-05-11,France,RB,RIGHT,69,69,74,56,65,67,65,67,3550000,312000,RAC,179
Gustavo,Aldolfo Puerta Molano,2003-07-23,Colombia,CM,RIGHT,68,79,61,60,68,72,62,67,6750000,208000,RAC,172
José,Manuel Hernando Riol,1998-07-19,Spain,CB,RIGHT,68,71,60,42,50,63,69,74,3420000,260000,RAC,182
Íñigo,Sainz-Maza Serna,1998-06-16,Spain,CDM,RIGHT,67,70,71,36,58,64,63,70,2890000,208000,RAC,181
Mario,García Alvear,2003-10-02,Spain,LB,LEFT,67,81,69,33,57,67,65,64,6240000,180000,RAC,172
Facundo,González Molino,2003-03-06,Uruguay,CB,LEFT,66,76,50,31,50,45,66,69,3920000,1248000,RAC,193
Álvaro,Mantilla Pérez,2000-05-09,Spain,RB,RIGHT,66,71,54,26,56,54,63,68,3310000,180000,RAC,184
Marco,Sangalli Fuentes,1992-02-07,Spain,RW,RIGHT,66,66,69,69,66,66,53,62,1250000,208000,RAC,179
Suleiman,Camara Sanneh,2001-02-07,Spain,LW,RIGHT,66,72,82,62,58,67,32,59,3430000,180000,RAC,179
Peio,Canales Urtasun,2005-01-17,Spain,CAM,RIGHT,65,80,55,62,64,67,52,57,4600000,416000,RAC,175
Pablo,Ramón Parra,2001-06-30,Spain,CB,RIGHT,65,74,52,39,54,58,66,61,3220000,260000,RAC,186
Maguette,Gueye,2002-12-30,Senegal,CDM,LEFT,64,73,59,52,56,60,64,62,2730000,180000,RAC,188
Yeray,Cabanzón de Arriba,2003-05-14,Spain,RW,LEFT,63,75,71,63,61,65,29,43,2530000,180000,RAC,170
Jeremy,Alberto Arévalo Mera,2005-03-19,Spain,ST,RIGHT,62,79,74,63,49,61,24,52,2950000,180000,RAC,180
Sergio,Martínez Montero,2007-05-15,Spain,CDM,RIGHT,62,78,62,43,56,58,62,66,2880000,180000,RAC,185
Santiago,Franco de la Torre,2004-08-18,Spain,ST,LEFT,60,69,70,58,55,60,33,60,1690000,180000,RAC,176
Laro,Gómez Rodríguez,2006-10-17,Spain,GK,RIGHT,60,78,56,56,56,59,62,61,2170000,180000,RAC,189
Aitor,Crespo Gutiérrez,2005-09-17,Spain,CB,RIGHT,60,72,66,38,50,57,60,62,1850000,180000,RAC,183
Jorge,Salinas Viadero,2007-04-03,Spain,LB,LEFT,59,77,70,38,48,59,57,58,1840000,180000,RAC,181
Izan,Yurrieta Incera,2003-01-07,Spain,RW,RIGHT,58,65,67,54,54,61,40,58,950000,180000,RAC,171
Diego,Díaz Cacho,2005-05-31,Spain,CAM,RIGHT,57,69,62,55,55,59,38,38,1130000,180000,RAC,173
Isaac,Palazón Camacho,1994-12-27,Spain,CAM,LEFT,81,81,84,77,80,82,39,65,20190000,1820000,RAY,169
Álvaro,García Rivera,1992-10-27,Spain,LW,LEFT,80,80,88,70,77,81,51,45,17110000,1716000,RAY,167
Andrei,Florin Rațiu,1998-06-20,Romania,RB,RIGHT,79,80,92,60,74,79,74,71,19420000,1456000,RAY,183
Augusto,Martín Batalla Barga,1996-04-30,Argentina,GK,RIGHT,79,80,78,74,74,78,77,80,19420000,988000,RAY,186
Jorge,de Frutos Sebastián,1997-02-20,Spain,RW,RIGHT,78,78,81,74,74,78,41,63,15750000,1456000,RAY,173
Florian,Grégoire Claude Lejeune,1991-05-20,France,CB,RIGHT,78,78,49,61,67,65,78,78,9140000,1404000,RAY,190
Óscar,Valentín Martín Luengo,1994-08-20,Spain,CDM,RIGHT,78,78,64,50,67,68,76,76,12290000,1404000,RAY,177
Josep,María Chavarría Pérez,1998-04-10,Spain,LB,LEFT,77,78,83,62,71,74,71,75,13950000,1248000,RAY,174
Khalid,Abdul Mumin Suleman,1998-06-06,Ghana,CB,RIGHT,77,80,76,49,61,69,77,76,15150000,1248000,RAY,188
Pathé,Ismaël Ciss,1994-03-16,Senegal,CDM,RIGHT,77,77,63,57,64,65,76,87,10410000,1300000,RAY,186
Unai,López Cabrera,1995-10-30,Spain,CM,RIGHT,76,76,68,72,77,78,69,70,11310000,1248000,RAY,170
Iván,Balliu Campeny,1992-01-01,Albania,RB,RIGHT,76,76,80,51,69,74,72,70,6560000,1196000,RAY,172
Luiz,Felipe Ramos Marchi,1997-03-22,Italy,CB,RIGHT,75,77,68,29,61,67,75,71,10450000,1144000,RAY,187
Daniel,Cárdenas Lindez,1997-03-28,Spain,GK,RIGHT,75,78,74,73,73,73,75,76,10880000,780000,RAY,186
Pedro,Díaz Fanjul,1998-06-05,Spain,CM,RIGHT,75,76,66,76,76,74,69,73,10020000,1144000,RAY,180
Luis,Alfonso Espino García,1992-01-05,Uruguay,LB,LEFT,74,74,84,60,67,68,69,81,4710000,1092000,RAY,172
Alexandre,Zurawski,1998-04-01,Brazil,ST,RIGHT,73,74,73,73,63,67,26,84,7200000,1040000,RAY,182
Sergio,Camello Pérez,2001-02-10,Spain,ST,RIGHT,73,77,70,73,68,74,33,63,10160000,936000,RAY,182
Gerard,Gumbau Garriga,1994-12-18,Spain,CM,LEFT,73,73,44,67,75,69,73,68,5370000,416000,RAY,187
Francisco,Pérez Martínez,2002-09-09,Spain,RW,RIGHT,72,77,72,68,69,74,39,55,8940000,780000,RAY,176
Óscar,Guido Trejo,1988-04-26,Argentina,CAM,RIGHT,71,71,58,71,73,71,68,71,2870000,624000,RAY,180
Randy,Nteka,1997-12-06,France,ST,LEFT,70,71,69,70,65,67,54,84,4380000,780000,RAY,189
Jozhua,Tomayo Vertrouwd,2004-08-21,Netherlands,CB,LEFT,67,78,73,54,59,63,66,71,5720000,364000,RAY,187
Nobel,Mendy,2004-08-16,France,CB,LEFT,66,74,65,44,57,56,64,68,4410000,364000,RAY,187
Diego,Méndez Molero,2003-08-29,Spain,CDM,RIGHT,64,72,62,49,53,60,65,61,3170000,208000,RAY,182
Samuel,Becerra Gómez,2006-01-01,Spain,CM,RIGHT,59,72,70,49,59,60,53,53,1610000,180000,RAY,165
Marco,de las Sías López,2005-12-29,Spain,CB,RIGHT,59,69,54,45,43,48,58,66,1480000,180000,RAY,180
Juan,Pedro Gil Bueno,2001-05-05,Spain,GK,RIGHT,58,66,60,58,58,57,54,62,980000,180000,RAY,185
Adrián,Molina Colorado,2005-07-22,Spain,GK,RIGHT,54,64,53,58,58,50,52,58,760000,180000,RAY,185
Yeremay,Hernández Cubas,2002-12-10,Spain,LW,RIGHT,76,84,83,70,70,79,22,49,19230000,416000,DEP,170
Mario,Soriano Carreño,2002-04-22,Spain,CAM,RIGHT,73,79,82,70,67,76,40,68,10930000,312000,DEP,163
José,Gragera Amado,2000-05-14,Spain,CDM,RIGHT,72,75,61,50,66,66,74,75,8280000,780000,DEP,186
Samuele,Mulattieri,2000-10-07,Italy,ST,RIGHT,71,74,71,71,61,70,37,67,7020000,676000,DEP,183
David,Mella Boullón,2005-05-23,Spain,RW,LEFT,71,82,92,65,63,72,25,54,11090000,208000,DEP,169
Miguel,Loureiro Ameijenda,1996-11-21,Spain,CB,RIGHT,71,72,69,39,55,66,71,73,5170000,312000,DEP,178
Diego,Villares Yáñez,1996-06-17,Spain,CM,RIGHT,71,71,72,64,67,69,68,76,4950000,312000,DEP,180
Joaquín,Navarro Jiménez,1990-01-23,Spain,RB,RIGHT,71,71,73,54,61,64,69,73,2870000,208000,DEP,176
Juan,Diego Molina Martínez,1993-11-05,Spain,ST,RIGHT,71,71,71,73,67,72,46,73,3860000,364000,DEP,178
Luis,Miguel Cruz Hernández,2001-05-23,Spain,RW,LEFT,71,77,84,59,68,76,48,57,7850000,260000,DEP,166
Arnau,Comas Feixas,2000-04-11,Spain,CB,RIGHT,70,73,72,35,55,55,69,74,5950000,260000,DEP,191
Giacomo,Quagliata,2000-02-19,Italy,LB,LEFT,69,72,81,40,56,65,62,62,5040000,208000,DEP,180
José,Ángel Jurado de la Torre,1992-06-21,Spain,CDM,LEFT,69,69,59,60,64,64,64,73,2060000,260000,DEP,183
Daniel,Bachmann,1994-07-09,Austria,GK,RIGHT,68,68,69,61,61,67,66,70,2350000,572000,DEP,191
Zakaria,Eddahchouri,2000-05-11,Netherlands,ST,RIGHT,68,73,64,68,64,65,43,58,4610000,208000,DEP,187
Sergio,Escudero Palomo,1989-09-02,Spain,LB,LEFT,68,68,53,61,69,66,69,64,1750000,180000,DEP,176
Daniel,Barcia Rama,2003-01-19,Spain,CB,LEFT,67,73,60,43,45,56,67,62,4050000,180000,DEP,186
Charlie,Michael Patiño,2003-10-17,England,CM,LEFT,67,78,65,48,68,67,64,62,5720000,180000,DEP,182
Germán,Parreño Boix,1993-02-16,Spain,GK,RIGHT,66,66,63,56,56,68,68,63,1690000,180000,DEP,191
Lucas,Dominique Noubi Ngnokam,2005-01-15,Belgium,CB,RIGHT,66,76,72,21,51,64,63,74,4700000,180000,DEP,184
Cristian,Ignacio Herrera Pérez,1991-03-13,Spain,RW,LEFT,65,65,55,66,65,64,40,72,1060000,180000,DEP,182
Eric,Puerto Huerta,2002-10-28,Spain,GK,RIGHT,63,70,65,60,60,62,58,65,2160000,180000,DEP,185
Rubén,López Durán,2004-08-26,Spain,CM,LEFT,62,71,62,51,64,64,58,54,2350000,180000,DEP,175
Alioune,Mané,2003-02-10,Senegal,RW,LEFT,59,69,78,55,50,61,24,55,1230000,180000,DEP,180
Samuel,Fernández Leonardo,2007-01-01,Spain,CB,RIGHT,58,74,63,26,50,47,59,59,1480000,180000,DEP,175
Marko,Dmitrović,1992-01-24,Serbia,GK,LEFT,79,79,76,78,78,79,80,80,10780000,936000,ESP,194
Javier,Puado Díaz,1998-05-25,Spain,ST,RIGHT,78,79,80,77,72,78,49,74,16460000,1404000,ESP,177
Omar,El Hilali,2003-09-12,Morocco,RB,RIGHT,77,83,85,41,67,69,74,77,25430000,832000,ESP,183
Ramón,Terrats Espacio,2000-10-18,Spain,CM,LEFT,77,82,61,70,74,75,72,72,20440000,1664000,ESP,181
Enrique,García Martínez,1989-11-25,Spain,ST,RIGHT,76,76,42,80,65,73,44,71,6560000,988000,ESP,186
Leandro,Daniel Cabrera Sasía,1991-06-17,Uruguay,CB,LEFT,75,75,49,45,58,54,76,79,5560000,1092000,ESP,190
Eduardo,Expósito Jaén,1996-08-01,Spain,CAM,RIGHT,75,75,62,73,75,77,70,69,9590000,1144000,ESP,178
Carlos,Romero Serrano,2001-10-29,Spain,LB,LEFT,75,81,77,65,71,74,70,69,15220000,1404000,ESP,180
Pol,Lozano Vizuete,1999-10-06,Spain,CDM,RIGHT,75,78,65,58,72,69,72,71,13600000,988000,ESP,177
Roberto,Fernández Jaén,2002-01-01,Spain,ST,RIGHT,74,81,73,73,62,73,41,76,13360000,988000,ESP,186
Jofre,Carreras Pagès,2001-06-17,Spain,RW,RIGHT,74,78,79,72,71,74,41,62,11980000,884000,ESP,175
Antoniu,Roca Vives,2002-09-05,Spain,RW,RIGHT,73,80,80,63,69,75,41,61,11320000,780000,ESP,180
Fernando,Calero Villa,1995-09-14,Spain,CB,RIGHT,73,73,60,42,65,65,73,67,6890000,936000,ESP,183
Luca,Warrick Daeovie Koleosho,2004-09-15,Italy,LW,RIGHT,72,82,91,63,63,74,30,51,12690000,1404000,ESP,175
José,Salinas Morán,2000-09-30,Spain,LB,LEFT,72,79,77,56,65,69,69,67,9590000,676000,ESP,179
Urko,González de Zarate Quirós,2001-03-20,Spain,CDM,RIGHT,72,80,56,45,64,66,70,70,9920000,676000,ESP,189
Charles,Monginda Pickel,1997-05-15,Congo DR,CM,RIGHT,71,71,63,63,68,69,67,80,4950000,780000,ESP,187
Pere,Milla Peña,1992-09-23,Spain,ST,LEFT,71,71,72,71,70,71,51,67,3860000,832000,ESP,184
Clemens,Riedel,2003-07-19,Germany,CB,RIGHT,69,81,60,28,50,58,69,70,8200000,416000,ESP,186
Miguel,Ángel Rubio Lestan,1998-03-11,Spain,CB,RIGHT,69,72,41,29,46,45,68,67,4030000,572000,ESP,191
Tyrhys,Dolan,2001-12-28,England,RW,RIGHT,69,78,79,61,62,74,42,59,6240000,520000,ESP,164
Rubén,Sánchez Sáez,2001-02-04,Spain,RB,RIGHT,69,75,79,59,63,65,64,69,5640000,468000,ESP,185
Francisco,Javier Hernández Coarasa,2004-01-30,Spain,RW,LEFT,68,81,74,61,66,69,37,51,7160000,416000,ESP,176
Ángel,Fortuño Viñas,2001-11-05,Spain,GK,RIGHT,65,75,63,64,64,64,65,65,3320000,180000,ESP,183
Pol,Tristán Jiménez,2002-03-18,Spain,GK,RIGHT,64,74,61,62,62,64,61,65,2810000,180000,ESP,188
Francisco,Román Alarcón Suárez,1992-04-21,Spain,CAM,RIGHT,84,84,66,79,85,85,59,60,24660000,2704000,BET,176
Giovani,Lo Celso,1996-04-09,Argentina,CAM,LEFT,82,82,68,81,82,84,68,71,30540000,2236000,BET,177
Antony,Matheus dos Santos,2000-02-24,Brazil,RW,LEFT,81,84,84,78,78,83,43,70,36720000,1976000,BET,172
Diego,Javier Llorente Ríos,1993-08-16,Spain,CB,RIGHT,80,80,64,41,63,69,81,76,17110000,1820000,BET,186
Pau,López Sabata,1994-12-13,Spain,GK,LEFT,79,80,77,78,78,77,79,79,15150000,1144000,BET,189
Álvaro,Vallés Rosa,1997-07-25,Spain,GK,RIGHT,79,82,78,78,78,78,80,80,21100000,1040000,BET,191
Pablo,Fornals Malla,1996-02-22,Spain,CDM,RIGHT,79,79,65,75,80,80,73,71,18590000,1716000,BET,178
Marc,Bartra Aregall,1991-01-15,Spain,CB,RIGHT,79,79,64,59,70,71,80,75,10780000,1716000,BET,184
Marc,Roca Junqué,1996-11-26,Spain,CDM,LEFT,78,79,59,66,75,74,75,75,16460000,1560000,BET,184
Sofyan,Amrabat,1996-08-21,Morocco,CDM,RIGHT,78,78,61,70,73,74,75,82,15750000,2600000,BET,183
Natan,Bernardo de Souza,2001-02-06,Brazil,CB,LEFT,78,84,56,33,55,66,79,77,25010000,1300000,BET,188
Juan,Camilo Hernández Suárez,1999-04-22,Colombia,ST,RIGHT,78,81,81,77,75,81,42,78,17880000,1716000,BET,176
Sergi,Altimira Clavell,2001-08-25,Spain,CDM,RIGHT,77,83,60,63,70,72,75,72,21190000,1196000,BET,188
Abdessamad,Ezzalzouli,2001-12-17,Morocco,LW,RIGHT,77,83,87,69,70,81,29,63,21190000,1300000,BET,177
Cédric,Bakambu,1991-04-11,Congo DR,ST,RIGHT,77,77,78,78,68,72,40,68,7740000,1664000,BET,182
Aitor,Ruibal García,1996-03-22,Spain,RB,RIGHT,77,77,82,74,73,76,72,69,13350000,1456000,BET,176
Rodrigo,Riquelme Reche,2000-04-02,Spain,LW,RIGHT,77,80,84,73,74,78,50,59,18940000,1404000,BET,174
Diego,Valentín Gómez,2003-06-26,Argentina,CB,LEFT,76,84,80,32,64,71,76,75,19230000,1144000,BET,181
Héctor,Junior Firpo Adamés,1996-08-22,Dominican Republic,LB,LEFT,75,75,74,61,72,72,72,75,9590000,1300000,BET,184
Nelson,Alexander Deossa Suárez,2000-02-06,Colombia,CM,LEFT,75,80,75,76,72,74,72,80,14680000,1248000,BET,185
Ricardo,Iván Rodríguez Araya,1992-08-25,Switzerland,LB,LEFT,74,74,66,69,78,74,70,72,6340000,1196000,BET,180
Luis,Ezequiel Ávila,1994-02-06,Argentina,RW,RIGHT,74,74,74,76,69,75,52,84,6340000,1248000,BET,172
Héctor,Bellerín Moruno,1995-03-19,Spain,RB,RIGHT,74,74,78,51,68,75,69,64,6340000,1196000,BET,178
Adrián,San Miguel del Castillo,1987-01-03,Spain,GK,RIGHT,73,73,68,72,72,76,75,68,3990000,416000,BET,190
Pablo,García Fernández,2006-08-15,Spain,RW,LEFT,68,87,75,69,64,69,38,64,8370000,416000,BET,175
Ángel,Ortiz Monterrey,2004-07-25,Spain,RB,RIGHT,68,81,72,48,64,68,63,60,7160000,468000,BET,167
Mawuli,Mensah,2003-11-15,Ghana,CM,RIGHT,63,72,51,58,63,64,56,68,2770000,260000,BET,168
Aitor,Gismera Monge,2004-02-21,Spain,CDM,RIGHT,63,69,54,48,58,58,60,59,2510000,260000,BET,182
Daniel,Pérez Guerrero,2005-07-26,Spain,CM,RIGHT,63,79,56,54,64,68,53,45,3390000,260000,BET,173
Manuel,González Pallarés,2007-04-18,Spain,GK,RIGHT,58,77,58,58,58,58,57,58,1600000,180000,BET,189
Germán,García Fernández,2004-02-01,Spain,GK,RIGHT,57,66,57,53,53,55,55,56,1030000,180000,BET,185
Iván,Corralejo Mantero,2007-05-01,Spain,CAM,RIGHT,57,76,64,56,55,61,33,50,1360000,180000,BET,176
Kylian,Mbappé Lottin,1998-12-20,France,ST,RIGHT,91,94,97,90,81,92,37,76,153750000,31720000,RMA,182
Jude,Victor William Bellingham,2003-06-29,England,CAM,RIGHT,90,94,80,86,83,90,78,85,169330000,16640000,RMA,186
Vinicius,José Paixão de Oliveira Junior,2000-07-12,Brazil,LW,RIGHT,89,92,95,84,81,91,29,69,138030000,16640000,RMA,176
Federico,Santiago Valverde Dipetta,1998-07-22,Uruguay,CM,RIGHT,89,90,88,84,84,84,83,85,101670000,17680000,RMA,182
Thibaut,Nicolas Marc Courtois,1992-05-11,Belgium,GK,LEFT,89,89,85,76,76,89,88,90,56430000,11440000,RMA,200
Antonio,Rüdiger,1993-03-03,Germany,CB,RIGHT,86,86,79,55,72,70,84,86,46190000,13520000,RMA,190
Trent,John Alexander-Arnold,1998-10-07,England,RB,RIGHT,86,87,76,72,89,80,80,74,61880000,13000000,RMA,180
Rodrygo,Silva de Goes,2001-01-09,Brazil,RW,RIGHT,85,90,88,80,79,87,31,64,76840000,11440000,RMA,174
Daniel,Carvajal Ramos,1992-01-11,Spain,RB,RIGHT,85,85,80,58,79,81,81,79,29100000,12480000,RMA,173
Éder,Gabriel Militão,1998-01-18,Brazil,CB,RIGHT,84,87,82,50,69,71,85,82,48270000,10920000,RMA,186
Aurélien,Djani Tchouameni,2000-01-27,France,CDM,RIGHT,84,87,71,69,79,78,81,82,60330000,10400000,RMA,187
Eduardo,Celmi Camavinga,2002-11-10,France,CM,LEFT,83,90,80,68,81,84,78,80,59240000,9100000,RMA,185
David,Olatukunbo Alaba,1992-06-24,Austria,CB,LEFT,82,82,68,71,82,79,82,75,17710000,9620000,RMA,180
Dean,Donny Huijsen,2005-04-14,Spain,CB,RIGHT,82,89,71,55,73,74,82,76,60240000,6500000,RMA,197
Brahim,Abdelkader Díaz,1999-08-03,Morocco,RW,RIGHT,82,83,82,74,79,85,31,58,39890000,9100000,RMA,170
Andriy,Lunin,1999-02-11,Ukraine,GK,RIGHT,81,86,80,79,79,78,80,82,31710000,5460000,RMA,191
Daniel,Ceballos Fernández,1996-08-07,Spain,CM,RIGHT,81,81,61,71,80,82,72,67,25880000,9100000,RMA,179
Ferland,Sinna Mendy,1995-06-08,France,LB,LEFT,81,81,85,64,74,75,78,84,20190000,8840000,RMA,180
Arda,Güler,2005-02-25,Türkiye,RW,LEFT,81,89,70,77,83,83,52,50,52800000,6500000,RMA,175
Álvaro,Fernández Carreras,2003-03-23,Spain,LB,LEFT,80,88,85,65,75,79,73,80,37290000,6760000,RMA,186
Francisco,José García Torres,1999-08-14,Spain,LB,LEFT,79,82,89,50,70,78,72,71,26370000,7020000,RMA,169
Raúl,Asencio del Rosario,2003-02-13,Spain,CB,RIGHT,77,86,74,37,55,71,78,76,23450000,5460000,RMA,184
Endrick,Felipe Moreira de Sousa,2006-07-21,Brazil,ST,LEFT,77,91,87,77,62,78,30,68,32640000,4940000,RMA,173
Franco,Mastantuono,2007-08-14,Argentina,CAM,LEFT,77,88,74,71,75,80,50,63,29940000,3588000,RMA,177
Gonzalo,García Torres,2004-03-24,Spain,ST,RIGHT,69,82,68,69,61,68,45,69,8440000,2600000,RMA,182
Francisco,Javier González Pérez,2005-06-24,Spain,GK,RIGHT,63,80,62,60,60,61,63,64,3480000,520000,RMA,199
Sergio,Mestre Sánchez,2005-02-13,Spain,GK,RIGHT,60,77,61,58,58,59,61,64,2120000,364000,RMA,193
Jesús,Fortea Tejedo,2007-03-26,Spain,RB,RIGHT,60,76,64,33,56,62,56,65,2070000,572000,RMA,174
Thiago,Pitarch Pinar,2007-08-03,Spain,CM,RIGHT,60,81,65,36,59,58,49,59,2340000,520000,RMA,179
Diego,Aguado Facio,2007-02-07,Spain,CB,LEFT,59,75,66,30,57,47,61,56,1750000,572000,RMA,180
Alejandro,Remiro Gargallo,1995-03-24,Spain,GK,RIGHT,83,84,83,80,80,78,84,84,29370000,1976000,RSO,191
Mikel,Oyarzabal Ugarte,1997-04-21,Spain,ST,LEFT,82,82,77,83,81,82,42,65,30540000,3068000,RSO,181
Takefusa,Kubo久保 建英,2001-06-04,Japan,RW,LEFT,82,86,86,77,78,85,40,64,45050000,2392000,RSO,173
Yangel,Clemente Herrera Ravelo,1998-01-07,Venezuela,CM,RIGHT,81,82,65,76,77,79,80,81,27050000,2548000,RSO,184
Brais,Méndez Portela,1997-01-07,Spain,CM,LEFT,81,81,70,80,82,81,65,73,25880000,2652000,RSO,187
Sergio,Gómez Martín,2000-09-04,Spain,LW,LEFT,79,82,73,74,80,79,71,65,26370000,1924000,RSO,173
Luka,Sučić,2002-09-08,Croatia,CM,LEFT,78,86,76,76,78,77,68,72,26780000,1768000,RSO,185
Igor,Zubeldía Elorza,1997-03-30,Spain,CB,RIGHT,78,80,76,63,73,72,78,81,17170000,2028000,RSO,181
Ander,Barrenetxea Muguruza,2001-12-27,Spain,LW,RIGHT,77,83,81,72,72,78,29,68,21190000,1664000,RSO,175
Jon,Mikel Aramburu Mejías,2002-07-23,Venezuela,RB,RIGHT,77,85,69,48,70,72,76,72,22690000,1560000,RSO,176
Aritz,Elustondo Irribaria,1994-03-28,Spain,CB,RIGHT,77,77,62,39,63,60,76,76,10410000,1872000,RSO,180
Umar,Sadiq Mesbah,1997-02-02,Nigeria,ST,RIGHT,77,77,82,76,62,71,30,76,13350000,2132000,RSO,192
Carlos,Soler Barragán,1997-01-02,Spain,CM,RIGHT,77,77,70,75,78,78,69,68,13350000,1976000,RSO,180
Gonçalo,Manuel Ganchinho Guedes,1996-11-29,Portugal,ST,RIGHT,75,75,76,76,70,78,37,66,9590000,1924000,RSO,179
Aihen,Muñoz Capellán,1997-08-16,Spain,LB,LEFT,75,75,75,54,70,73,72,70,9590000,1612000,RSO,175
Arsen,Zakharyan,2003-05-26,Russia,RW,RIGHT,74,83,78,71,74,72,53,59,14270000,1352000,RSO,182
Orri,Steinn Óskarsson,2004-08-29,Iceland,ST,RIGHT,74,83,74,73,63,70,31,74,17120000,1300000,RSO,186
Álvaro,Odriozola Arzallus,1995-12-14,Spain,RB,RIGHT,74,74,72,55,69,74,71,63,8130000,1560000,RSO,176
Duje,Ćaleta-Car,1996-09-17,Croatia,CB,RIGHT,74,74,58,39,55,59,74,76,8130000,936000,RSO,192
Pablo,Marín Tejada,2003-07-03,Spain,CM,RIGHT,73,84,67,68,71,73,64,59,15440000,1040000,RSO,178
Jon,Gorrotxategi Etxaniz,2002-02-02,Spain,CDM,RIGHT,73,81,72,59,66,69,71,79,11710000,1196000,RSO,177
Beñat,Turrientes Imaz,2002-01-31,Spain,CM,RIGHT,73,82,65,62,72,72,68,66,12090000,1248000,RSO,181
Unai,Marrero Larrañaga,2001-10-09,Spain,GK,RIGHT,69,77,70,61,61,67,66,71,6040000,468000,RSO,189
Jon,Martín Vicente,2006-04-23,Spain,CB,RIGHT,68,84,65,26,48,60,70,65,7770000,520000,RSO,185
Jon,Karrikaburu Jaimerena,2002-09-19,Spain,ST,RIGHT,67,76,71,65,50,66,27,63,4480000,676000,RSO,183
Mikel,Goti López,2002-05-23,Spain,CAM,LEFT,67,76,56,67,66,66,35,59,4480000,624000,RSO,185
César,Azpilicueta Tanco,1989-08-28,Spain,CB,RIGHT,78,78,52,55,75,71,79,74,9140000,1300000,SEV,178
Chidera,Ejuke,1998-01-02,Nigeria,LW,RIGHT,78,78,90,69,71,82,37,63,15750000,1716000,SEV,176
Nemanja,Gudelj,1991-11-16,Serbia,CB,RIGHT,77,77,46,73,78,69,76,84,7740000,1612000,SEV,187
José,Ángel Carmona Navarro,2002-01-29,Spain,RB,RIGHT,76,84,80,65,69,73,73,67,19230000,1248000,SEV,183
Alfonso,González Martínez,1999-05-04,Spain,LW,RIGHT,76,77,77,71,71,77,32,67,11820000,1508000,SEV,172
Ørjan,Håskjold Nyland,1990-09-10,Norway,GK,RIGHT,76,76,76,77,77,75,74,75,6560000,988000,SEV,192
Mohameth,Djibril Ibrahima Sow,1997-02-06,Switzerland,CM,RIGHT,76,76,78,69,73,76,74,78,11310000,1560000,SEV,184
Joan,Jordán Moreno,1994-07-06,Spain,CM,RIGHT,76,76,48,74,77,74,68,75,8820000,1560000,SEV,184
Alexis,Alejandro Sánchez Sánchez,1988-12-19,Chile,ST,RIGHT,76,76,68,78,78,81,48,59,6560000,1300000,SEV,169
Batista,Adelino Mendy,2000-01-12,France,CDM,RIGHT,76,81,69,61,67,70,74,83,17320000,2132000,SEV,191
Fábio,Rafael Rodrigues Cardoso,1994-04-19,Portugal,CB,RIGHT,75,75,57,32,53,65,75,81,7480000,1456000,SEV,187
Enrique,Jesús Salas Valiente,2002-04-23,Spain,CB,LEFT,75,83,66,27,60,62,76,76,16300000,1196000,SEV,186
Marcos,do Nascimento Teixeira,1996-06-05,Brazil,CB,LEFT,75,76,59,36,59,68,73,81,10020000,1456000,SEV,185
Juan,Luis Sánchez Velasco,2003-08-15,Spain,RB,RIGHT,75,83,71,67,71,75,71,65,19560000,988000,SEV,186
Rubén,Estephan Vargas Martínez,1998-08-05,Switzerland,LW,RIGHT,75,75,84,70,69,78,54,64,9590000,1456000,SEV,177
Lucien,Jefferson Agoume,2002-02-09,France,CDM,RIGHT,75,83,67,54,70,73,72,75,16300000,1196000,SEV,188
Álvaro,Fernández Llorente,1998-04-13,Spain,GK,LEFT,74,78,75,68,68,71,73,76,9590000,832000,SEV,186
Isaac,Romero Bernal,2000-05-18,Spain,ST,LEFT,74,79,78,72,68,73,23,71,12440000,1404000,SEV,184
Adnan,Januzaj,1995-02-05,Belgium,RW,LEFT,74,74,70,69,76,78,30,54,6340000,1508000,SEV,186
Gabriel,Alonso Suazo Urbina,1997-08-09,Chile,LB,LEFT,74,74,68,59,69,71,70,75,8130000,1300000,SEV,178
Gerard,Fernández Castellano,2002-10-04,Spain,CAM,RIGHT,73,82,77,71,69,74,35,51,12090000,1092000,SEV,172
Akor,Jerome Adams,2000-01-29,Nigeria,ST,RIGHT,73,78,77,72,56,70,29,75,10540000,1248000,SEV,190
Odysseas,VlachodimosΟδυσσέας Βλαχοδήμος,1994-04-26,Greece,GK,RIGHT,72,72,73,66,66,72,72,71,4550000,2132000,SEV,190
Tanguy-Austin,Nianzou Kouassi,2002-06-07,France,CB,RIGHT,72,77,62,37,56,63,71,75,8940000,936000,SEV,191
Manuel,Bueno Sebastián,2004-07-27,Spain,CM,LEFT,65,79,53,60,59,65,62,56,4480000,312000,SEV,178
Alberto,Flores López,2003-11-10,Spain,GK,LEFT,65,79,65,63,63,66,63,64,4480000,180000,SEV,186
Ramón,Martínez Gil,2002-10-22,Spain,CB,RIGHT,63,76,54,29,47,51,63,62,2610000,312000,SEV,185
Rafael,Romero Morilla,2003-08-07,Spain,GK,LEFT,62,73,60,62,62,58,60,67,2500000,180000,SEV,190
Joaquín,Martínez Gauna,2003-07-09,Spain,LB,LEFT,61,70,74,55,55,61,57,52,1990000,208000,SEV,183
Andrés,López Gallo,2003-01-01,Spain,CB,RIGHT,60,73,52,31,39,42,63,57,1590000,208000,SEV,188
Eduardo,Altozano Agudo,2006-10-17,Spain,CM,LEFT,58,78,64,50,57,64,49,45,1640000,180000,SEV,170
José,Luis Gayà Peña,1995-05-25,Spain,LB,LEFT,81,81,80,61,76,77,77,72,20190000,2548000,VAL,172
Stole,Dimitrievski,1993-12-25,North Macedonia,GK,RIGHT,79,79,79,74,74,78,77,78,14500000,1456000,VAL,188
Hugo,Duro Perales,1999-11-10,Spain,ST,LEFT,78,83,71,78,68,75,47,75,24120000,2132000,VAL,177
Luis,Jesús Rioja González,1993-10-16,Spain,RW,LEFT,78,78,77,76,74,79,53,56,12290000,2132000,VAL,176
Diego,López Noguerol,2002-05-13,Spain,LW,RIGHT,78,86,81,75,72,76,37,62,26780000,1768000,VAL,172
José,Luis García Vayá,1998-08-11,Spain,CM,RIGHT,77,78,64,70,78,74,73,78,13950000,1872000,VAL,186
Javier,Guerra Moreno,2003-05-13,Spain,CM,RIGHT,77,86,74,73,75,76,73,70,23450000,1664000,VAL,187
Baptiste,Santamaria,1995-03-09,France,CDM,RIGHT,76,76,42,67,73,74,72,75,8820000,1768000,VAL,183
Mouctar,Diakhaby,1996-12-19,Guinea,CB,RIGHT,76,78,62,39,55,59,77,76,12330000,1768000,VAL,189
Daniel,Raba Antolín,1995-10-29,Spain,RW,LEFT,76,76,71,72,75,74,40,64,11310000,1872000,VAL,184
Lucas,Beltrán,2001-03-29,Argentina,CAM,RIGHT,76,81,71,76,68,77,46,74,17320000,1924000,VAL,176
Julen,Agirrezabala Astúlez,2000-12-26,Spain,GK,LEFT,76,83,76,78,78,74,77,75,18600000,936000,VAL,187
Thierry,Rendall Correia,1999-03-09,Portugal,RB,RIGHT,76,79,90,50,69,75,71,70,12840000,1716000,VAL,176
José,Manuel Arias Copete,1999-10-10,Spain,CB,LEFT,75,82,50,33,54,57,77,70,15760000,1560000,VAL,192
César,Tárrega Requeni,2002-02-26,Spain,CB,RIGHT,75,82,63,45,59,67,75,80,15760000,1404000,VAL,193
Arnaut,Danjuma Adam Groeneveld,1997-01-31,Netherlands,LW,RIGHT,75,75,83,73,71,76,44,67,9590000,1768000,VAL,178
Domingos,André Ribeiro Almeida,2000-05-30,Portugal,CAM,RIGHT,75,80,69,66,75,77,67,63,14680000,1664000,VAL,176
Filip,Ugrinić,1999-01-05,Switzerland,CM,RIGHT,75,78,77,73,74,75,69,85,10880000,1664000,VAL,184
Dimitri,Foulquier,1993-03-23,France,RB,RIGHT,74,74,73,59,66,68,72,74,6340000,1560000,VAL,183
Largie,Ramazani,2001-02-27,Belgium,LW,RIGHT,74,79,89,69,67,76,41,64,12440000,2028000,VAL,167
Eray,Ervin Cömert,1998-02-04,Switzerland,CB,RIGHT,72,74,66,49,61,55,72,76,6360000,1248000,VAL,183
Jesús,Vázquez Alcalde,2003-01-02,Spain,LB,LEFT,70,77,69,50,65,66,68,62,6890000,884000,VAL,172
Cristian,Rivero Sabater,1998-03-21,Spain,GK,RIGHT,65,69,65,63,63,62,62,66,2160000,312000,VAL,188
David,Otorbi Ejededawe,2007-10-16,Spain,RW,RIGHT,63,78,67,54,59,64,31,50,3310000,208000,VAL,180
Rubén,Iranzo Lendínez,2003-03-14,Spain,CB,RIGHT,63,72,47,44,55,50,64,62,2310000,364000,VAL,182
Aimar,Blázquez Labraca,2006-03-19,Spain,ST,RIGHT,62,77,60,64,48,59,22,63,2800000,312000,VAL,194
Lucas,Nuñez Ramirez,2006-03-18,Spain,CM,RIGHT,61,74,59,57,56,62,56,61,2250000,260000,VAL,183
Víctor,Fernández Durán,2007-11-09,Spain,CAM,LEFT,60,76,68,55,55,69,34,41,2070000,180000,VAL,170
Thomas,Teye Partey,1993-06-13,Ghana,CDM,RIGHT,83,83,59,71,80,77,80,82,28110000,2964000,VIL,185
Ayoze,Pérez Gutiérrez,1993-07-29,Spain,ST,RIGHT,83,83,86,83,80,83,59,67,28110000,3380000,VIL,178
Daniel,Parejo Muñoz,1989-04-16,Spain,CM,RIGHT,82,82,39,80,87,78,74,67,17710000,2132000,VIL,182
Gerard,Moreno Balagueró,1992-04-07,Spain,ST,LEFT,81,81,77,82,77,80,46,71,15010000,2860000,VIL,180
Nicolas,Pépé,1995-05-29,Côte d'Ivoire,RW,LEFT,80,80,88,77,76,82,36,67,17110000,2444000,VIL,183
Alberto,Moleiro González,2003-09-30,Spain,LW,RIGHT,79,86,83,70,75,81,51,65,36670000,1664000,VIL,171
Sergi,Cardona Bermúdez,1999-07-08,Spain,LB,LEFT,79,82,82,56,71,75,75,75,26370000,2028000,VIL,185
Juan,Marcos Foyth,1998-01-12,Argentina,CB,RIGHT,79,80,68,47,71,71,80,76,19420000,2132000,VIL,187
Pape,Alassane Gueye,1999-01-24,Senegal,CM,LEFT,78,81,67,65,75,75,76,79,17880000,2028000,VIL,189
Santiago,Comesaña Veiga,1996-10-05,Spain,CM,RIGHT,78,78,55,72,72,75,77,75,15750000,2132000,VIL,188
Manor,Solomon,1999-07-24,Israel,LW,RIGHT,77,77,83,73,73,80,43,45,16690000,4056000,VIL,170
Logan,Evans Costa,2001-04-01,Cabo Verde,CB,RIGHT,77,84,60,40,59,67,77,78,21940000,1560000,VIL,190
Diego,José Conde Alcolado,1998-10-28,Spain,GK,RIGHT,77,82,75,68,68,75,76,79,16350000,1144000,VIL,188
Luiz,Lúcio Reis Júnior,2001-01-14,Brazil,GK,RIGHT,77,85,77,71,71,77,77,77,22690000,936000,VIL,194
Georges,Mikautadzeგიორგი მიქაუტაძე,2000-10-31,Georgia,ST,RIGHT,77,83,81,80,73,80,40,70,21190000,1820000,VIL,176
Renato,de Palma Veiga,2003-07-29,Portugal,CB,LEFT,76,84,73,60,73,72,75,82,23080000,1248000,VIL,190
Alfonso,Pedraza Sag,1996-04-09,Spain,LB,LEFT,75,75,77,71,72,73,73,71,9590000,1664000,VIL,184
Álvaro,Santiago Mouriño González,2002-02-13,Uruguay,CB,RIGHT,74,85,67,36,56,64,73,77,15180000,1300000,VIL,183
Arnau,Tenas Ureña,2001-05-30,Spain,GK,RIGHT,74,80,73,81,81,70,72,77,12900000,728000,VIL,185
Ilias,Akhomach Chakkour,2004-04-16,Morocco,RW,LEFT,74,83,78,72,68,76,28,57,17120000,1144000,VIL,175
Tajon,Trevor Buchanan,1999-02-08,Canada,RW,RIGHT,74,75,90,65,66,74,67,73,8490000,1560000,VIL,183
Willy,Kambwala Ndengushi,2004-08-25,France,CB,RIGHT,72,83,66,30,56,64,71,71,13090000,884000,VIL,192
Adrià,Altimira Reynaldos,2001-03-28,Spain,RB,RIGHT,72,78,73,57,67,73,67,66,9260000,1092000,VIL,176
Pau,Navarro Badenes,2005-04-25,Spain,CB,RIGHT,70,85,58,40,57,66,73,63,10530000,728000,VIL,185
Tanitoluwa,Oluwatimikhin Oluwaseyi,2000-05-15,Canada,ST,RIGHT,70,74,85,71,54,66,31,67,6180000,1092000,VIL,188
Rafael,Marín Zamora,2002-05-19,Spain,CB,RIGHT,70,81,67,28,58,57,71,68,7830000,1768000,VIL,191
Pau,Cabanes De La Torre,2005-02-17,Spain,ST,RIGHT,65,79,63,69,53,67,25,48,4480000,416000,VIL,179
Rubén,Gómez Peris,2002-01-24,Spain,GK,RIGHT,63,71,63,61,61,62,63,61,2240000,208000,VIL,182
Jean,Yves Valou,2005-12-22,Côte d'Ivoire,CB,LEFT,62,77,63,31,48,56,62,66,2800000,260000,VIL,188
Mike,Peterson Maignan,1995-07-03,France,GK,RIGHT,87,88,84,85,85,83,84,88,73010000,3172000,MIL,191
Christian,Mate Pulišić,1998-09-18,United States,RW,RIGHT,84,84,88,82,80,86,46,65,42530000,4108000,MIL,178
Rafael,Alexandre da Conceição Leão,1999-06-10,Portugal,LW,RIGHT,84,85,93,78,80,86,28,75,44440000,4108000,MIL,188
Adrien,Rabiot-Provost,1995-04-03,France,CAM,LEFT,83,83,81,79,81,80,77,84,28110000,3692000,MIL,191
Luka,Modrić,1985-09-09,Croatia,CM,RIGHT,83,83,68,74,86,86,70,62,20900000,2444000,MIL,172
Christopher,Alan Nkunku,1997-11-14,France,CAM,RIGHT,81,81,77,79,80,82,40,59,25880000,3016000,MIL,177
Oluwafikayomi,Oluwadamilola Tomori,1997-12-19,England,CB,RIGHT,81,84,81,40,60,67,82,78,29380000,2808000,MIL,185
Youssouf,Fofana,1999-01-10,France,CDM,RIGHT,81,84,68,68,75,78,79,77,29380000,2808000,MIL,181
Ruben,Ira Loftus-Cheek,1996-01-23,England,CM,RIGHT,80,80,81,76,79,80,76,80,21930000,2860000,MIL,191
Santiago,Tomás Giménez,2001-04-18,Mexico,ST,LEFT,79,84,78,80,70,77,46,69,28460000,2496000,MIL,183
Pervis,Josué Estupiñán Tenorio,1998-01-21,Ecuador,LB,LEFT,79,80,76,57,77,78,75,72,19420000,2496000,MIL,175
Alexis,Jesse Saelemaekers,1999-06-27,Belgium,RW,RIGHT,79,80,80,67,75,81,66,63,19420000,2600000,MIL,180
Pietro,Terracciano,1990-03-08,Italy,GK,RIGHT,78,78,79,72,72,75,78,82,9140000,936000,MIL,193
Matteo,Gabbia,1999-10-21,Italy,CB,RIGHT,78,83,49,35,54,60,81,76,24120000,2132000,MIL,185
Samuele,Ricci,2001-08-21,Italy,CDM,RIGHT,78,85,73,60,75,79,73,72,25890000,1924000,MIL,181
Ardon,Jashari,2002-07-30,Switzerland,CDM,LEFT,77,86,75,67,75,73,72,82,23450000,1820000,MIL,181
Strahinja,Pavlović,2001-05-24,Serbia,CB,LEFT,76,83,70,43,51,64,75,83,18600000,1716000,MIL,194
Koni,De Winter,2002-06-12,Belgium,CB,RIGHT,74,84,67,40,58,66,75,72,14730000,1508000,MIL,191
Zachary,Athekame,2004-12-13,Switzerland,RB,RIGHT,65,78,82,28,50,62,59,68,4360000,416000,MIL,180
David,Uyoyo Odogu,2006-06-03,Germany,CB,RIGHT,65,83,67,32,45,52,65,67,4970000,416000,MIL,191
Cheveyo,Balentien,2006-12-18,Netherlands,RW,RIGHT,62,76,64,57,57,63,43,60,2730000,312000,MIL,189
Davide,Bartesaghi,2005-12-29,Italy,LB,LEFT,62,78,54,43,56,59,62,65,2880000,312000,MIL,193
Lorenzo,Torriani,2005-01-31,Italy,GK,RIGHT,61,76,59,66,66,54,61,62,2370000,180000,MIL,197
Ademola,Olajade Alade Aylola Lookman,1997-10-20,Nigeria,ST,RIGHT,84,84,86,84,73,88,32,67,42530000,5460000,ATA,174
Marco,Carnesecchi,2000-07-01,Italy,GK,RIGHT,84,88,86,71,71,83,85,86,62720000,2860000,ATA,191
Charles,De Ketelaere,2001-03-10,Belgium,CAM,LEFT,82,86,70,79,80,83,56,68,45050000,3744000,ATA,192
Éderson,José dos Santos Lourenço da Silva,1999-07-07,Brazil,CM,RIGHT,82,85,78,72,77,80,80,81,43330000,4004000,ATA,182
Marten,Elco de Roon,1991-03-29,Netherlands,CM,RIGHT,81,81,61,74,77,76,83,80,15010000,4056000,ATA,186
Odilon,Kossounou Kouakou,2001-01-04,Côte d'Ivoire,CB,RIGHT,80,85,80,32,64,67,81,78,33590000,2964000,ATA,191
Mario,Pašalić,1995-02-09,Croatia,CM,RIGHT,80,80,69,78,77,81,67,76,17110000,3796000,ATA,186
Sead,Kolašinac,1993-06-20,Bosnia and Herzegovina,CB,LEFT,79,79,61,63,68,69,79,82,14500000,3432000,ATA,183
Berat,Ridvan Gjimshiti,1993-02-19,Albania,CB,RIGHT,79,79,64,39,60,53,81,79,14500000,3432000,ATA,190
Davide,Zappacosta,1992-06-11,Italy,LW,RIGHT,79,79,76,73,77,77,76,69,10780000,3588000,ATA,182
Gianluca,Scamacca,1999-01-01,Italy,ST,RIGHT,79,80,65,81,67,74,36,70,19420000,3692000,ATA,196
Isak,Malcolm Kwaku Hien,1999-01-13,Sweden,CB,RIGHT,78,81,69,37,49,58,79,82,17880000,2964000,ATA,191
Raoul,Bellanova,2000-05-17,Italy,RW,RIGHT,78,79,86,54,72,76,71,74,20580000,2964000,ATA,188
Giorgio,Scalvini,2003-12-11,Italy,CB,RIGHT,77,86,55,35,57,61,80,71,28130000,2028000,ATA,194
Nicola,Zalewski,2002-01-23,Poland,LW,RIGHT,76,79,83,64,73,78,63,59,16050000,2340000,ATA,175
Marco,Sportiello,1992-05-10,Italy,GK,RIGHT,76,76,75,74,74,72,79,76,6560000,1768000,ATA,192
Mitchel,Bakker,2000-06-20,Netherlands,LB,LEFT,75,80,79,63,69,72,71,81,14680000,2340000,ATA,189
Nikola,Krstović,2000-04-05,Montenegro,ST,RIGHT,75,80,66,75,56,69,25,75,14680000,2704000,ATA,185
Lazar,Samardžić,2002-02-24,Serbia,CM,LEFT,75,82,69,72,75,79,60,60,15760000,2236000,ATA,184
Daniel,Maldini,2001-10-11,Italy,CAM,RIGHT,74,81,70,70,75,76,42,64,13360000,2132000,ATA,188
Yunus,Dimoara Musah,2002-11-29,United States,CM,RIGHT,74,82,88,69,71,78,70,76,13810000,1560000,ATA,178
Kamaldeen,Sulemana,2002-02-15,Ghana,LW,RIGHT,71,76,88,63,63,76,28,59,7570000,1560000,ATA,175
Marco,Brescianini,2000-01-20,Italy,CM,LEFT,71,74,56,68,66,69,66,72,7020000,1716000,ATA,188
Honest,Ahanor,2008-02-23,Italy,LB,LEFT,66,81,68,43,53,61,64,57,5430000,468000,ATA,184
Lorenzo,Bernasconi,2003-11-16,Italy,LW,LEFT,65,76,65,57,60,64,60,60,4110000,572000,ATA,190
Francesco,Rossi,1991-04-27,Italy,GK,RIGHT,62,62,63,63,63,62,60,62,650000,416000,ATA,193
Riccardo,Orsolini,1997-01-24,Italy,RW,LEFT,82,82,79,81,79,83,49,67,30540000,3536000,BOL,183
Remo,Marco Freuler,1992-04-15,Switzerland,CDM,RIGHT,81,81,58,72,76,77,77,74,15010000,3120000,BOL,180
Łukasz,Skorupski,1991-05-05,Poland,GK,RIGHT,79,79,79,68,68,76,78,83,10780000,1820000,BOL,188
Ciro,Immobile,1990-02-20,Italy,ST,RIGHT,78,78,68,79,66,76,39,71,9140000,2184000,BOL,185
Lewis,Ferguson,1999-08-24,Scotland,CM,RIGHT,78,81,72,78,74,78,72,75,22350000,2392000,BOL,181
Federico,Bernardeschi,1994-02-16,Italy,RW,LEFT,77,77,75,75,77,80,54,67,10410000,2444000,BOL,185
Santiago,Tomás Castro,2004-09-18,Argentina,ST,RIGHT,76,84,79,75,62,75,40,68,23080000,1820000,BOL,182
Jens,Odgaard,1999-03-31,Denmark,CAM,LEFT,76,77,73,77,72,74,43,75,11820000,2236000,BOL,188
Jhon,Janer Lucumí Bonilla,1998-06-26,Colombia,CB,LEFT,76,78,65,38,62,61,77,78,12330000,2080000,BOL,187
Thijs,Dallinga,2000-08-03,Netherlands,ST,RIGHT,76,81,71,76,65,71,30,61,17320000,2080000,BOL,190
Juan,Miranda González,2000-01-19,Spain,LB,LEFT,76,79,82,62,73,73,71,68,16050000,1976000,BOL,185
Nicolò,Casale,1998-02-14,Italy,CB,RIGHT,75,77,73,53,66,67,76,75,10450000,1976000,BOL,191
Jonathan,David Henry Rowe,2003-04-30,England,LW,RIGHT,75,82,84,73,67,77,36,65,15760000,1820000,BOL,178
Nikola,Moro,1998-03-12,Croatia,CDM,RIGHT,75,76,66,72,74,73,70,72,10020000,1976000,BOL,184
Nadir,Zortea,1999-06-19,Italy,RW,RIGHT,74,75,77,69,68,74,68,74,8490000,1924000,BOL,187
Emil,Alfons Holm,2000-05-13,Sweden,RB,RIGHT,74,78,83,61,67,71,67,80,11980000,1768000,BOL,191
Giovanni,Fabbian,2003-01-14,Italy,CM,RIGHT,74,83,67,72,72,74,67,60,14270000,1664000,BOL,186
Martin,Vitík,2003-01-21,Czechia,CB,RIGHT,74,80,73,39,56,62,74,75,12900000,1612000,BOL,193
Tommaso,Pobega,1999-07-15,Italy,CM,RIGHT,74,77,74,76,70,75,74,74,11530000,1716000,BOL,188
Benjamín,Domínguez,2003-09-19,Argentina,LW,RIGHT,73,83,84,67,67,75,41,54,14980000,1300000,BOL,172
Charalampos,LykogiannisΧαράλαμπος Λυκογιάννης,1993-10-22,Greece,LB,LEFT,73,73,77,68,72,66,69,73,5370000,1768000,BOL,191
Nicolò,Cambiaghi,2000-12-28,Italy,LW,RIGHT,73,76,75,72,66,77,38,63,9770000,1508000,BOL,173
Torbjørn,Lysaker Heggem,1999-01-12,Norway,CB,LEFT,73,76,73,46,61,66,73,79,7820000,1664000,BOL,192
Lorenzo,De Silvestri,1988-05-23,Italy,RB,RIGHT,71,71,61,65,70,66,69,74,2870000,1040000,BOL,187
Ibrahim,Sulemana Kakari,2003-05-22,Ghana,CDM,RIGHT,71,80,71,62,64,68,70,70,8680000,1456000,BOL,180
Federico,Ravaglia,1999-11-11,Italy,GK,RIGHT,70,75,72,67,67,67,69,75,6420000,728000,BOL,196
Massimo,Pessina,2007-12-25,Italy,GK,RIGHT,52,74,51,51,51,50,51,56,1040000,180000,BOL,202
Andrea,Belotti,1993-12-20,Italy,ST,RIGHT,77,77,68,76,58,74,38,80,10410000,832000,CAG,181
Yerry,Fernando Mina González,1994-09-23,Colombia,CB,RIGHT,77,77,34,50,52,55,77,84,10410000,728000,CAG,195
Sebastiano,Luperto,1996-09-06,Italy,CB,LEFT,76,77,64,48,60,63,78,75,11820000,676000,CAG,190
Elia,Caprile,2001-08-25,Italy,GK,RIGHT,76,83,75,72,72,73,74,78,18600000,312000,CAG,191
José,Pedro da Silva Figueiredo Freitas,1997-06-06,Portugal,CB,RIGHT,75,77,65,52,64,62,75,75,10450000,676000,CAG,187
Michael,Ijemuan Folorunsho,1998-02-07,Italy,CAM,RIGHT,75,75,73,76,73,74,71,76,9590000,3588000,CAG,185
Sebastiano,Esposito,2002-07-02,Italy,ST,RIGHT,75,82,75,76,74,77,35,62,15760000,1300000,CAG,183
Gianluca,Gaetano,2000-05-05,Italy,CAM,RIGHT,74,77,64,72,73,76,51,60,11530000,572000,CAG,180
Gabriele,Zappa,1999-12-22,Italy,RB,RIGHT,74,77,75,62,65,69,69,71,11530000,572000,CAG,183
Michel,Ndary Adopo,2000-07-19,France,CM,RIGHT,72,76,70,60,68,72,69,77,8610000,416000,CAG,187
Matteo,Prati,2003-12-28,Italy,CDM,RIGHT,71,81,61,66,71,71,67,65,10760000,312000,CAG,185
Zito,André Sebastião Luvumbo,2002-03-09,Angola,ST,LEFT,71,78,86,69,64,76,44,66,8130000,416000,CAG,174
Luca,Mazzitelli,1995-11-15,Italy,CM,RIGHT,71,71,40,62,74,70,64,65,4950000,2496000,CAG,184
Mattia,Felici,2001-04-17,Italy,LW,RIGHT,71,76,85,65,65,74,48,59,7570000,416000,CAG,181
Adam,Obert,2002-08-23,Slovakia,LB,LEFT,70,78,66,49,63,65,70,66,7120000,364000,CAG,187
Semih,Kılıçsoy,2005-08-15,Türkiye,ST,RIGHT,70,81,77,70,63,72,31,71,9400000,832000,CAG,178
Boris,Radunović,1996-05-26,Serbia,GK,RIGHT,70,70,73,68,68,65,68,75,4190000,260000,CAG,194
Alessandro,Deiola,1995-08-01,Italy,CM,RIGHT,68,68,53,67,64,65,70,75,3010000,364000,CAG,188
Leonardo,Pavoletti,1988-11-26,Italy,ST,RIGHT,68,68,41,67,53,60,39,67,1750000,260000,CAG,188
Marko,Rog,1995-07-19,Croatia,CM,RIGHT,68,68,72,67,69,72,63,66,3010000,364000,CAG,180
Alessandro,Di Pardo,1999-07-18,Italy,RW,RIGHT,67,68,75,54,64,68,63,62,3330000,260000,CAG,182
Riyad,Idrissi,2005-06-13,Italy,LB,LEFT,65,75,79,55,56,61,60,62,3980000,180000,CAG,182
Juan,Martín Rodríguez Camejo,2005-05-30,Uruguay,CB,LEFT,65,74,57,39,42,42,67,72,3860000,180000,CAG,190
Marco,Palestra,2005-03-03,Italy,RW,RIGHT,65,80,66,57,62,65,61,58,4600000,572000,CAG,186
Gennaro,Borrelli,2000-03-10,Italy,ST,RIGHT,64,69,51,63,45,59,24,69,2380000,208000,CAG,197
Nicolò,Cavuoti,2003-04-04,Italy,CAM,LEFT,61,72,67,56,62,65,40,53,1770000,180000,CAG,177
Giuseppe,Ciocci,2002-01-24,Italy,GK,RIGHT,59,67,61,53,53,55,57,64,1150000,180000,CAG,190
Nicola,Pintus,2005-05-25,Italy,CB,RIGHT,58,72,39,29,42,44,60,52,1410000,180000,CAG,189
Álvaro,Borja Morata Martín,1992-10-23,Spain,ST,RIGHT,81,81,78,81,74,80,31,78,20190000,3328000,COM,190
Nicolás,Paz Martínez,2004-09-08,Argentina,CAM,LEFT,79,89,78,71,77,82,51,64,40430000,3484000,COM,186
Martin,Baturina,2003-02-16,Croatia,CAM,RIGHT,78,83,77,70,78,83,59,66,24120000,3692000,COM,172
Nicolas-Gerrit,Kühn,2000-01-01,Germany,RW,LEFT,78,81,91,73,70,81,46,71,22350000,4264000,COM,175
Diego,Carlos Santos Silva,1993-03-15,Brazil,CB,RIGHT,78,78,63,47,62,67,78,76,12290000,2600000,COM,186
Sergio,Roberto Carnicer,1992-02-07,Spain,CDM,RIGHT,77,77,69,63,78,75,74,65,7740000,3900000,COM,178
Maxence,Caqueret,2000-02-15,France,CM,RIGHT,77,80,75,62,75,78,76,67,18940000,3744000,COM,174
Jean,Butez,1995-06-08,France,GK,RIGHT,76,76,75,78,78,75,75,77,8820000,2392000,COM,189
Assane,Diao Diaoune,2005-09-07,Senegal,LW,RIGHT,76,87,90,74,67,77,36,60,25370000,2548000,COM,185
Alberto,Moreno Pérez,1992-07-05,Spain,LB,LEFT,75,75,75,69,71,74,69,65,7480000,3432000,COM,171
Mërgim,Vojvoda,1995-02-01,Kosovo,RB,RIGHT,75,75,68,54,73,73,73,68,7480000,3432000,COM,186
Lucas,Da Cunha,2001-06-09,France,CDM,LEFT,74,79,77,71,73,79,71,63,12440000,2652000,COM,176
Jesús,Rodriguez Caraballo,2005-11-21,Spain,LW,RIGHT,74,85,80,68,69,77,32,54,18220000,2236000,COM,185
Anastasios,DouvikasΑναστάσιος Δουβίκας,1999-08-02,Greece,ST,RIGHT,73,76,79,72,62,73,34,70,9770000,3016000,COM,186
Máximo,Perrone,2003-01-07,Argentina,CDM,LEFT,73,83,72,55,70,76,68,66,12480000,2392000,COM,178
Marc,Oliver Kempf,1995-01-28,Germany,CB,LEFT,73,73,72,41,56,62,74,78,5370000,2912000,COM,186
Alberto,Dossena,1998-10-13,Italy,CB,RIGHT,73,76,50,43,52,59,75,74,7820000,2756000,COM,195
Edoardo,Goldaniga,1993-11-02,Italy,CB,RIGHT,72,72,53,34,50,56,74,76,4550000,2652000,COM,193
Álex,Valle Gómez,2004-04-25,Spain,LB,LEFT,72,82,81,56,67,72,67,65,12690000,1820000,COM,183
Ivan,Smolčić,2000-08-17,Croatia,RB,RIGHT,72,77,63,52,62,68,74,77,8940000,2184000,COM,181
Simone,Verdi,1992-07-12,Italy,CAM,LEFT,71,71,72,66,73,76,43,51,3860000,2548000,COM,174
Ignace,Van der Brempt,2002-04-01,Belgium,RB,RIGHT,71,78,73,57,65,68,67,71,8130000,1976000,COM,187
Nikola,Čavlina,2002-06-02,Croatia,GK,RIGHT,67,73,68,61,61,59,65,73,4050000,208000,COM,191
Jayden,Osei Addai,2005-08-26,Netherlands,RW,LEFT,67,84,83,62,59,70,29,53,6750000,1040000,COM,175
Jacobo,Ramón Naveros,2005-01-05,Spain,CB,RIGHT,64,78,57,22,45,48,65,62,3800000,676000,COM,196
Mauro,Vigorito,1990-05-22,Italy,GK,RIGHT,64,64,63,60,60,63,65,65,900000,364000,COM,187
Henrique,Menke Lopes,2007-01-12,Brazil,GK,RIGHT,56,74,52,52,52,53,56,59,1120000,180000,COM,190
David,de Gea Quintana,1990-11-07,Spain,GK,RIGHT,85,85,85,71,71,78,84,87,29100000,2860000,FIO,192
Moise,Bioty Kean,2000-02-28,Italy,ST,RIGHT,83,86,86,82,58,81,40,74,51130000,3848000,FIO,183
Robin,Everardus Gosens,1994-07-05,Germany,LB,LEFT,80,80,72,74,73,76,77,77,17110000,2912000,FIO,183
Albert,Guðmundsson,1997-06-15,Iceland,ST,RIGHT,79,79,87,79,70,83,37,69,18590000,3120000,FIO,178
Domilson,Cordeiro dos Santos,1998-11-17,Brazil,RB,RIGHT,78,79,86,59,74,79,72,69,16460000,2392000,FIO,166
Nicolò,Fagioli,2001-02-12,Italy,CM,RIGHT,77,82,74,65,78,79,70,63,20440000,2028000,FIO,178
Rolando,Mandragora,1997-06-29,Italy,CM,LEFT,77,77,46,73,76,75,75,70,13350000,2444000,FIO,183
Luca,Ranieri,1999-04-23,Italy,CB,LEFT,76,79,68,41,59,69,79,66,12840000,2080000,FIO,187
Roberto,Piccoli,2001-01-27,Italy,ST,RIGHT,75,80,73,75,55,67,34,79,14680000,1976000,FIO,189
Fabiano,Parisi,2000-11-09,Italy,LB,LEFT,75,80,75,67,70,76,72,67,14680000,1716000,FIO,178
Hans,Nicolussi Caviglia,2000-06-18,Italy,CDM,RIGHT,75,80,66,68,77,75,69,70,14680000,260000,FIO,184
Pablo,Marí Villar,1993-08-31,Spain,CB,LEFT,74,74,52,40,49,53,76,74,6340000,1924000,FIO,193
Pietro,Comuzzo,2005-02-20,Italy,CB,RIGHT,74,86,57,27,50,57,77,68,18770000,1352000,FIO,183
Simon,Solomon Junior Sohm,2001-04-11,Switzerland,CM,RIGHT,74,79,75,69,70,71,70,80,12440000,1664000,FIO,188
Christian,Michael Kouamé Kouakou,1997-12-06,Côte d'Ivoire,ST,RIGHT,74,74,77,71,67,76,40,66,8130000,2080000,FIO,185
Marin,Pongračić,1997-09-11,Croatia,CB,RIGHT,74,76,61,26,52,62,74,76,8860000,1820000,FIO,193
Abdelhamid,Sabiri,1996-11-28,Morocco,CAM,RIGHT,73,73,59,71,71,75,59,74,6890000,1872000,FIO,186
Tariq,Kwame Nii-Lante Lamptey,2000-09-30,Ghana,RB,RIGHT,73,76,84,44,66,76,69,49,9770000,1456000,FIO,163
Jacopo,Fazzini,2003-03-16,Italy,CAM,RIGHT,72,81,68,68,71,75,60,61,10250000,1404000,FIO,178
Mattia,Viti,2002-01-24,Italy,CB,LEFT,72,81,66,35,50,53,74,69,10250000,780000,FIO,190
Michael,Amir Junior Richardson,2002-01-24,Morocco,CM,LEFT,72,79,73,64,68,72,67,70,9590000,1404000,FIO,195
Cher,Ndour,2004-07-27,Italy,CM,RIGHT,70,83,55,62,69,71,58,69,9960000,936000,FIO,190
Luca,Lezzerini,1995-03-24,Italy,GK,RIGHT,69,69,70,62,62,67,70,71,2770000,728000,FIO,195
Tommaso,Martinelli,2006-01-06,Italy,GK,RIGHT,68,79,69,64,64,67,69,70,6750000,312000,FIO,196
Niccolò,Fortini,2006-02-13,Italy,LW,RIGHT,67,80,71,55,62,69,56,63,6060000,624000,FIO,185
Gino,Infantino,2003-05-19,Argentina,RW,LEFT,66,78,71,64,62,71,56,57,4160000,676000,FIO,179
Eddy,Kouadio,2006-05-07,Italy,CB,RIGHT,62,76,67,30,41,45,63,66,2730000,312000,FIO,191
Eman,Košpo,2007-05-17,Bosnia and Herzegovina,CB,RIGHT,61,76,67,30,40,44,62,64,2370000,260000,FIO,191
Riccardo,Braschi,2006-08-24,Italy,ST,RIGHT,56,71,64,55,42,54,18,58,1040000,260000,FIO,188
Giacomo,Calò,1997-02-05,Italy,CDM,RIGHT,69,69,64,52,67,68,63,73,3550000,180000,FRO,180
Riccardo,Marchizza,1998-03-26,Italy,LB,LEFT,69,69,55,37,60,64,68,67,3550000,180000,FRO,186
Davide,Biraschi,1994-07-02,Italy,CB,RIGHT,68,68,60,36,59,61,70,70,2350000,180000,FRO,182
Antonio,Raimondo,2004-03-18,Italy,ST,LEFT,68,81,67,68,60,70,28,58,7160000,832000,FRO,184
Alen,Sherri,1997-12-15,Albania,GK,RIGHT,68,71,71,68,68,64,65,69,3420000,208000,FRO,197
Niccolò,Corrado,2000-03-19,Italy,LB,LEFT,68,72,70,50,66,68,64,58,4440000,180000,FRO,179
Edoardo,Masciangelo,1996-07-08,Italy,LB,LEFT,67,67,80,55,64,67,62,61,2550000,180000,FRO,177
Ilario,Monterisi,2001-12-19,Italy,CB,RIGHT,67,76,53,30,47,49,67,69,4480000,180000,FRO,190
Francesco,Gelli,1996-10-15,Italy,CM,RIGHT,67,67,61,59,64,70,49,49,2550000,180000,FRO,173
Benjamin,Lhassine Kone,2000-03-14,Côte d'Ivoire,CM,LEFT,66,69,78,61,64,72,56,63,3070000,1196000,FRO,172
Matteo,Pisseri,1991-11-21,Italy,GK,RIGHT,66,66,66,67,67,66,65,66,1250000,180000,FRO,188
Giorgio,Cittadini,2002-04-18,Italy,CB,RIGHT,66,75,45,28,42,44,68,59,3800000,780000,FRO,193
Ilias,KoutsoupiasΗλίας Κουτσουπιάς,2001-05-10,Greece,CM,RIGHT,66,71,65,56,59,66,58,68,3310000,180000,FRO,182
Anthony,Henri Zué Oyono Omva Torque,2001-04-12,Gabon,RB,RIGHT,66,71,69,36,55,61,61,66,3310000,180000,FRO,183
Jacopo,Gelli,2001-05-11,Italy,CB,RIGHT,65,69,58,32,45,47,64,70,2700000,180000,FRO,197
Giorgi,Kvernadzeგიორგი კვერნაძე,2003-02-07,Georgia,LW,RIGHT,65,74,74,61,59,67,29,53,3220000,180000,FRO,188
Massimo,Zilli,2002-07-17,Italy,ST,RIGHT,64,69,70,63,54,63,36,58,2380000,180000,FRO,194
Jérémy,Oyono Omva Torque,2001-04-12,Gabon,RB,RIGHT,63,68,68,44,54,58,58,63,2010000,180000,FRO,178
Farès,Ghedjemis,2002-09-06,France,RW,LEFT,63,70,67,64,56,64,29,38,2160000,180000,FRO,183
Gabriele,Bracaglia,2003-07-19,Italy,CB,LEFT,61,72,61,32,41,46,62,62,2120000,180000,FRO,185
Sergio,Kalaj,2000-01-28,Albania,CB,RIGHT,61,68,49,27,43,43,61,68,1550000,180000,FRO,193
Edoardo,Vergani,2001-02-06,Italy,ST,RIGHT,61,66,56,66,52,63,22,55,1450000,180000,FRO,186
Matteo,Cichella,2005-10-04,Italy,CM,RIGHT,61,76,59,51,58,62,53,57,2370000,180000,FRO,175
Gabriele,Calvani,2004-01-12,Italy,CB,RIGHT,61,69,55,33,45,47,62,60,1930000,180000,FRO,184
Adrian,Raychev,2006-04-19,Bulgaria,RW,RIGHT,59,71,76,51,55,60,35,53,1570000,180000,FRO,183
Kevin,Barcella,2006-06-17,Italy,CM,RIGHT,59,71,65,53,58,62,43,50,1570000,180000,FRO,177
Lorenzo,Palmisani,2004-06-12,Italy,GK,RIGHT,57,67,58,53,53,54,56,59,1060000,180000,FRO,185
Alejandro,Gabriel Cichero Terrero,2006-07-11,Venezuela,ST,RIGHT,56,69,51,53,41,54,19,63,980000,180000,FRO,196
Eldin,Lolić,2004-05-15,Bosnia and Herzegovina,GK,RIGHT,54,62,57,51,51,52,52,51,710000,180000,FRO,194
Nicolae,Claudiu Stanciu,1993-05-07,Romania,CM,RIGHT,77,77,76,74,79,78,62,71,10410000,1352000,GEN,170
Morten,Wetche Frendrup,2001-04-07,Denmark,CM,RIGHT,76,80,78,60,66,76,74,74,16690000,1040000,GEN,178
Ruslan,Malinovskyi,1993-05-04,Ukraine,CM,LEFT,76,76,66,78,79,76,63,73,8820000,1248000,GEN,181
Vítor,Manuel Carvalho Oliveira,2000-03-15,Portugal,ST,RIGHT,75,79,73,75,63,75,32,74,14140000,1196000,GEN,178
Johan,Felipe Vásquez Ibarra,1998-10-22,Mexico,CB,LEFT,75,78,61,33,58,60,76,75,10880000,1092000,GEN,185
Gnaly,Maxwel Cornet,1996-09-27,Côte d'Ivoire,LW,RIGHT,74,74,85,74,70,75,67,65,8130000,2704000,GEN,179
Albert,Grønbæk Erlykke,2001-05-23,Denmark,CAM,RIGHT,74,79,75,68,72,77,62,69,12440000,1040000,GEN,176
Aarón,Martín Caricol,1997-04-22,Spain,LB,LEFT,74,74,59,54,76,75,71,64,8130000,1092000,GEN,178
Leo,Skiri Østigård,1999-11-28,Norway,CB,RIGHT,73,80,60,37,50,61,71,79,11320000,988000,GEN,182
Lorenzo,Colombo,2002-03-08,Italy,ST,LEFT,73,80,68,76,52,71,29,69,11320000,1560000,GEN,183
Junior,Walter Messias,1991-05-13,Brazil,CM,LEFT,72,72,76,73,72,76,58,56,3380000,936000,GEN,179
Valentín,Carboni,2005-03-05,Argentina,CAM,LEFT,72,84,61,70,73,73,46,48,13480000,780000,GEN,185
Morten,Thorsby,1996-05-05,Norway,CM,RIGHT,72,72,55,62,69,71,72,75,5840000,936000,GEN,189
Nicola,Leali,1993-02-17,Italy,GK,RIGHT,71,71,75,61,61,71,65,72,3860000,520000,GEN,188
Stefano,Sabelli,1993-01-13,Italy,RB,RIGHT,71,71,70,39,60,63,68,63,3860000,780000,GEN,176
Jean,Emile Junior Onana Onana,2000-01-08,Cameroon,CM,RIGHT,71,74,54,66,68,70,70,77,7020000,1144000,GEN,189
Caleb,Ansah Ekuban,1994-03-23,Ghana,ST,RIGHT,71,71,81,70,64,69,28,74,3860000,884000,GEN,182
Benjamin,Kevin Siegrist,1992-01-31,Switzerland,GK,RIGHT,70,70,69,59,59,68,72,68,2430000,180000,GEN,196
Mikael,Egill Ellertsson,2002-03-11,Iceland,CM,LEFT,69,76,69,69,68,72,64,66,5840000,572000,GEN,182
Brooke,Dion Nelson Norton-Cuffy,2004-01-12,England,RW,RIGHT,68,80,80,45,63,70,61,65,6950000,416000,GEN,181
Alessandro,Marcandalli,2002-02-25,Italy,CB,RIGHT,66,75,64,39,48,43,66,69,3800000,364000,GEN,190
Patrizio,Masini,2001-01-27,Italy,CM,RIGHT,65,69,68,56,61,65,62,58,2700000,312000,GEN,182
Seydou,Fini,2006-06-02,Italy,RW,RIGHT,65,82,78,57,56,67,31,65,4850000,260000,GEN,178
Sebastian,Otoa,2004-05-13,Denmark,CB,RIGHT,63,74,63,34,48,50,63,64,2950000,208000,GEN,188
Hugo,Francisco Cuenca Martínez,2005-01-08,Paraguay,RW,LEFT,62,77,72,54,62,63,47,54,2800000,208000,GEN,183
Daniele,Sommariva,1997-07-18,Italy,GK,RIGHT,62,65,64,62,62,56,59,68,1270000,180000,GEN,185
Jeff,Ekhator Osayuki,2006-11-11,Italy,ST,RIGHT,61,78,67,60,46,64,19,54,2500000,180000,GEN,188
Ernestas,Lysionok,2007-03-09,Lithuania,GK,RIGHT,56,74,52,53,53,54,56,59,1120000,180000,GEN,185
Lorenzo,Venturino,2006-06-22,Italy,RW,RIGHT,56,71,63,50,50,57,22,46,1040000,180000,GEN,175
Lautaro,Javier Martínez,1997-08-22,Argentina,ST,RIGHT,88,88,81,88,75,84,51,83,82450000,4108000,INT,174
Yann,Sommer,1988-12-17,Switzerland,GK,RIGHT,87,87,83,85,85,82,87,89,40520000,1352000,INT,183
Alessandro,Bastoni,1999-04-13,Italy,CB,LEFT,87,89,74,46,75,76,88,82,76160000,3276000,INT,190
Nicolò,Barella,1997-02-07,Italy,CM,RIGHT,87,87,80,78,84,86,81,76,69870000,3588000,INT,175
Hakan,Çalhanoğlu,1994-02-08,Türkiye,CDM,RIGHT,86,86,71,81,87,82,81,73,46190000,3172000,INT,178
Marcus,Lilian Thuram-Ulien,1997-08-06,France,ST,RIGHT,85,85,86,83,76,82,50,80,50180000,3172000,INT,192
Federico,Dimarco,1997-11-10,Italy,LB,LEFT,85,85,80,78,84,82,79,77,50180000,2808000,INT,175
Stefan,de Vrij,1992-02-05,Netherlands,CB,RIGHT,84,84,62,41,68,69,86,74,24660000,2652000,INT,189
Francesco,Acerbi,1988-02-10,Italy,CB,LEFT,84,84,57,50,65,65,87,81,24660000,1976000,INT,192
Denzel,Justus Morris Dumfries,1996-04-18,Netherlands,RB,RIGHT,84,84,84,70,75,79,79,84,42530000,2652000,INT,188
Henrikh,Mkhitaryan,1989-01-21,Armenia,CM,RIGHT,83,83,77,78,82,83,72,75,20900000,1924000,INT,177
Manuel,Obafemi Akanji,1995-07-19,Switzerland,CB,RIGHT,82,82,74,48,69,73,82,81,30540000,7020000,INT,187
Carlos,Augusto Zopalato Neves,1999-01-07,Brazil,LB,LEFT,81,82,78,72,77,79,79,76,27050000,1976000,INT,184
Davide,Frattesi,1999-09-22,Italy,CM,RIGHT,81,83,82,77,78,82,73,72,35260000,1976000,INT,178
Matteo,Darmian,1989-12-02,Italy,RB,RIGHT,81,81,71,62,74,76,81,71,15010000,1508000,INT,182
Piotr,Sebastian Zieliński,1994-05-20,Poland,CM,RIGHT,80,80,76,76,80,82,70,59,17110000,2028000,INT,180
Luis,Henrique Tomaz de Lima,2001-12-14,Brazil,RW,RIGHT,78,83,90,73,71,77,54,77,24120000,1456000,INT,181
Yann,Aurel Ludger Bisseck,2000-11-29,Germany,CB,RIGHT,76,80,76,57,63,73,75,78,16690000,1196000,INT,196
Ange-Yoan,Bonny,2003-10-25,France,ST,RIGHT,76,86,87,75,67,76,32,71,24610000,1196000,INT,189
Andy,Alune Diouf,2003-05-17,France,CM,LEFT,75,81,77,68,71,78,67,76,15220000,1196000,INT,187
Josep,Martínez Riera,1998-05-27,Spain,GK,RIGHT,75,77,75,67,67,71,76,74,10450000,832000,INT,191
Petar,Sučić,2003-10-25,Croatia,CM,RIGHT,74,83,69,68,72,77,61,74,17120000,936000,INT,183
Francesco,Pio Esposito,2005-06-28,Italy,ST,RIGHT,72,84,64,72,62,69,35,68,13480000,884000,INT,191
Raffaele,Di Gennaro,1993-10-03,Italy,GK,RIGHT,68,68,71,62,62,67,65,69,2350000,468000,INT,186
Tiago,Tomás Palacios,2003-04-28,Argentina,CB,LEFT,67,77,53,38,43,47,68,68,4620000,468000,INT,196
Gleison,Bremer Silva Nascimento,1997-03-18,Brazil,CB,RIGHT,85,86,82,50,58,66,86,80,52440000,8840000,JUV,187
Manuel,Locatelli,1998-01-08,Italy,CDM,RIGHT,84,85,63,69,80,76,81,78,44440000,7800000,JUV,185
Ikoma,Loïs Openda,2000-02-16,Belgium,ST,RIGHT,83,85,95,81,69,81,31,80,49100000,4004000,JUV,175
Dušan,Vlahović,2000-01-28,Serbia,ST,LEFT,82,85,78,84,69,77,29,82,43330000,7020000,JUV,190
Jonathan,Christian David,2000-01-14,Canada,ST,RIGHT,82,85,81,82,71,80,34,78,43330000,7020000,JUV,178
Teun,Koopmeiners,1998-02-28,Netherlands,CAM,LEFT,81,81,70,79,83,78,75,75,25880000,6240000,JUV,183
Michele,Di Gregorio,1997-07-27,Italy,GK,RIGHT,81,84,82,79,79,78,83,85,29380000,3796000,JUV,187
Filip,Kostić,1992-11-01,Serbia,LW,LEFT,81,81,82,76,81,80,70,77,20190000,6500000,JUV,184
Khéphren,Thuram-Ulien,2001-03-26,France,CM,RIGHT,81,85,78,76,77,80,81,81,38180000,5460000,JUV,192
Pierre,Kazeye Rommel Kalulu Kyatengwa,2000-06-05,France,CB,RIGHT,80,85,80,53,68,70,81,76,33590000,5200000,JUV,182
Federico,Gatti,1998-06-24,Italy,CB,RIGHT,80,83,76,42,53,65,81,80,24900000,5460000,JUV,190
Arkadiusz,Krystian Milik,1994-02-28,Poland,ST,LEFT,79,79,50,82,72,77,40,67,14500000,6240000,JUV,186
Francisco,Fernandes da Conceição,2002-12-14,Portugal,CAM,LEFT,79,86,87,69,74,85,37,50,30550000,4940000,JUV,168
Andrea,Cambiaso,2000-02-20,Italy,LB,LEFT,79,82,78,70,77,79,75,70,26370000,4940000,JUV,182
Kenan,Yıldız,2005-05-04,Türkiye,CAM,RIGHT,79,89,84,78,74,83,35,66,40430000,4160000,JUV,185
Edon,Zhegrova,1999-03-31,Kosovo,RW,LEFT,79,80,84,71,76,85,25,62,19420000,5460000,JUV,180
Weston,James Earl McKennie,1998-08-28,United States,CM,RIGHT,78,79,77,71,77,77,80,80,16460000,4940000,JUV,180
Mattia,Perin,1992-11-10,Italy,GK,RIGHT,78,78,78,71,71,78,79,78,12290000,3224000,JUV,188
João,Mário Neto Lopes,2000-01-03,Portugal,RB,RIGHT,77,81,84,63,71,77,69,67,19690000,4264000,JUV,179
Daniele,Rugani,1994-07-29,Italy,CB,RIGHT,75,75,34,40,54,60,78,70,7480000,4160000,JUV,190
Lloyd,Casius Kelly,1998-10-06,England,CB,LEFT,74,77,67,40,65,67,73,79,9220000,3692000,JUV,190
Juan,David Cabal Murillo,2001-01-08,Colombia,LB,LEFT,74,79,72,38,69,65,74,69,12440000,3172000,JUV,186
Fabio,Miretti,2003-08-03,Italy,CM,RIGHT,74,80,73,60,75,76,66,68,15480000,2860000,JUV,180
Carlo,Pinsoglio,1990-03-16,Italy,GK,LEFT,69,69,70,62,62,70,69,70,2060000,884000,JUV,194
Jonas,Jakob Rouhi,2004-01-07,Sweden,LB,LEFT,66,77,64,43,59,63,66,53,4850000,1040000,JUV,183
Vasilije,Adžić,2006-05-12,Montenegro,CAM,RIGHT,65,79,67,62,58,67,35,52,4480000,884000,JUV,185
Mattia,Zaccagni,1995-06-16,Italy,LW,RIGHT,84,84,88,78,77,87,57,66,33170000,3016000,LAZ,177
Ivan,Provedel,1994-03-17,Italy,GK,RIGHT,82,82,83,80,80,79,83,84,23820000,1560000,LAZ,192
Alessio,Romagnoli,1995-01-12,Italy,CB,LEFT,82,82,64,40,55,69,84,80,23820000,2392000,LAZ,185
Mattéo,Elias Kenzo Guendouzi Olié,1999-04-14,France,CDM,RIGHT,82,85,72,73,80,80,77,77,34660000,2288000,LAZ,185
Valentín,Mariano José Castellanos Giménez,1998-10-03,Argentina,ST,RIGHT,80,81,75,80,71,81,45,75,22920000,2236000,LAZ,178
Boulaye,Dia,1996-11-16,Senegal,ST,RIGHT,80,80,84,81,67,78,43,73,21930000,2340000,LAZ,180
Mario,Gila Fuentes,2000-08-29,Spain,CB,RIGHT,79,84,85,53,67,75,80,76,28460000,1612000,LAZ,185
Nicolò,Rovella,2001-12-04,Italy,CDM,RIGHT,79,84,76,63,77,78,75,71,28460000,1612000,LAZ,179
Adam,Marušić,1992-10-17,Montenegro,RB,RIGHT,78,78,80,66,67,74,75,77,12290000,1768000,LAZ,185
Nuno,Albertino Varela Tavares,2000-01-26,Portugal,LB,LEFT,78,81,88,67,72,80,70,77,22350000,1612000,LAZ,183
Manuel,Lazzari,1993-11-29,Italy,RB,RIGHT,78,78,90,61,75,81,71,61,12290000,1768000,LAZ,174
Samuel,Florent Thomas Gigot,1993-10-12,France,CB,RIGHT,77,77,62,38,62,60,77,77,10410000,1664000,LAZ,187
Pedro,Eliezer Rodríguez Ledesma,1987-07-28,Spain,RW,RIGHT,77,77,64,74,75,85,36,49,7740000,1300000,LAZ,169
Danilo,Cataldi,1994-08-06,Italy,CDM,RIGHT,77,77,68,71,77,77,73,69,10410000,1664000,LAZ,180
Matías,Vecino Falero,1991-08-24,Uruguay,CM,RIGHT,77,77,53,73,75,76,79,75,7740000,1716000,LAZ,187
Gustav,Tang Isaksen,2001-04-19,Denmark,RW,LEFT,76,79,88,72,67,78,40,48,16050000,1352000,LAZ,178
Patricio,Gabarrón Gil,1993-04-17,Spain,CB,RIGHT,75,75,63,53,68,70,76,69,7480000,1508000,LAZ,184
Luca,Pellegrini,1999-03-07,Italy,LB,LEFT,74,75,71,54,66,76,72,58,8490000,1300000,LAZ,178
Christos,MandasΧρήστος Μανδάς,2001-09-17,Greece,GK,RIGHT,74,80,76,72,72,71,70,78,12900000,676000,LAZ,189
Tijjani,Noslin,1999-07-07,Netherlands,ST,RIGHT,74,77,78,73,66,77,43,67,11530000,1456000,LAZ,178
Oluwafisayo,Faruq Dele-Bashiru,2001-02-06,Nigeria,CAM,RIGHT,73,77,85,72,65,76,66,76,10160000,1092000,LAZ,186
Matteo,Cancellieri,2002-08-12,Italy,RW,LEFT,72,79,79,71,69,77,38,61,9590000,988000,LAZ,180
Elseid,Gëzim Hysaj,1994-02-02,Albania,LB,RIGHT,72,72,71,51,66,71,71,66,4550000,1144000,LAZ,182
Toma,Bašić,1996-11-25,Croatia,CM,RIGHT,71,71,40,64,73,70,72,70,4950000,1092000,LAZ,190
Mohamed,Salim Fares,1996-02-15,Algeria,LW,LEFT,71,71,72,63,67,76,67,63,4950000,1092000,LAZ,183
Reda,Belahyane,2004-06-01,Morocco,CM,RIGHT,68,77,66,49,64,75,66,52,6340000,520000,LAZ,169
Oliver,Provstgaard Nielsen,2003-06-04,Denmark,CB,LEFT,67,75,66,39,53,57,65,76,4340000,520000,LAZ,192
Cristobal,Muñoz López,2005-02-01,Spain,CAM,RIGHT,65,75,68,61,64,68,57,51,3980000,364000,LAZ,175
Dimitrije,Kamenović,2000-07-16,Serbia,LB,LEFT,63,68,70,35,55,58,62,73,2010000,312000,LAZ,189
Saná,Eusébio Mango Fernandes,2006-03-10,Portugal,ST,RIGHT,62,75,84,58,52,69,36,44,2650000,260000,LAZ,165
Alessio,Furlanetto,2002-02-07,Italy,GK,RIGHT,61,66,63,58,58,60,55,65,1450000,180000,LAZ,191
Wladimiro,Falcone,1995-04-12,Italy,GK,RIGHT,81,81,83,75,75,81,76,84,20190000,624000,LEC,196
Antonino,Gallo,2000-01-05,Italy,LB,LEFT,75,78,78,52,70,70,70,67,13600000,624000,LEC,183
Frédéric,Guilbert,1994-12-24,France,RB,RIGHT,75,75,71,47,68,70,71,73,7480000,676000,LEC,178
Riccardo,Sottil,1999-06-03,Italy,LW,RIGHT,75,76,88,66,69,77,34,49,10020000,2080000,LEC,180
Esmevânio,Kialonda Gaspar,1997-09-27,Angola,CB,RIGHT,74,76,64,30,43,54,74,84,8860000,572000,LEC,193
Lassana,Coulibaly,1996-04-10,Mali,CDM,RIGHT,74,74,69,58,69,72,72,73,8130000,624000,LEC,183
Álex,Sala Herrero,2001-04-09,Spain,CDM,RIGHT,72,76,65,68,67,69,70,75,8610000,416000,LEC,185
José,Antonio Morente Oliva,1996-12-04,Spain,LW,RIGHT,72,72,80,67,70,73,43,67,5840000,520000,LEC,184
Nikola,Štulić,2001-09-08,Serbia,ST,RIGHT,72,78,54,76,57,66,25,70,9260000,468000,LEC,188
Youssef,Maleh,1998-08-22,Morocco,CM,LEFT,71,72,59,65,73,72,66,63,5170000,468000,LEC,177
Lameck,Banda,2001-01-29,Zambia,LW,RIGHT,71,77,88,66,60,77,30,43,7850000,416000,LEC,162
Jamil,Siebert,2002-04-02,Germany,CB,RIGHT,70,78,71,33,50,52,68,81,7120000,364000,LEC,193
Ylber,Latif Ramadani,1996-04-12,Albania,CDM,RIGHT,70,70,54,58,60,64,68,72,4190000,416000,LEC,185
Santiago,Daniel Pierotti,2001-04-03,Argentina,RW,RIGHT,70,76,69,67,65,72,59,69,6650000,364000,LEC,189
Christian,Martin Früchtl,2000-01-28,Germany,GK,LEFT,70,76,73,67,67,68,66,71,6650000,260000,LEC,193
Danilo,Filipe de Melo Veiga,2002-09-25,Portugal,RB,RIGHT,69,78,72,57,60,68,68,67,6240000,312000,LEC,183
Christ-Owen,Kouassi Bathele,2003-04-15,Côte d'Ivoire,RB,RIGHT,69,76,70,35,51,55,69,75,5840000,312000,LEC,184
Thórir,Jóhann HelgasonÞórir Jóhann Helgason,2000-09-28,Iceland,CM,RIGHT,69,74,67,64,67,68,55,60,5440000,312000,LEC,187
Gaby,Jean,2000-02-19,France,CB,LEFT,68,75,55,33,45,49,69,73,4950000,312000,LEC,191
Tiago,Gabriel Coelho Oliveira,2004-12-26,Portugal,CB,RIGHT,68,77,61,35,46,43,68,74,6340000,208000,LEC,195
Filip,Marchwiński,2002-01-10,Poland,CAM,RIGHT,68,75,67,64,65,69,40,59,4950000,312000,LEC,187
Balthazar,Jean Philippe Marie Pierret,2000-05-15,France,CDM,RIGHT,68,73,66,52,59,64,68,68,4610000,312000,LEC,186
Hamza,Rafia,1999-04-22,Tunisia,CM,RIGHT,68,71,60,67,68,74,48,63,3420000,312000,LEC,178
Mohamed,Kaba,2001-10-27,France,CDM,RIGHT,68,76,61,52,57,64,65,70,5120000,260000,LEC,185
Medon,Berisha,2003-10-21,Albania,CM,RIGHT,67,78,52,59,66,65,61,60,5720000,208000,LEC,186
Konan,Ignace Jocelyn N'Dri,2000-10-27,Côte d'Ivoire,RW,LEFT,67,73,87,63,59,71,55,60,4050000,260000,LEC,174
Matías,Ignacio Pérez,2005-04-13,Chile,CB,RIGHT,66,76,57,31,46,41,66,71,4700000,180000,LEC,192
Corrie,Richard Ndaba,1999-12-25,Republic of Ireland,LB,LEFT,65,70,70,27,54,58,62,78,2810000,180000,LEC,188
Francesco,Camarda,2008-03-10,Italy,ST,RIGHT,65,87,67,66,51,66,24,54,5470000,364000,LEC,184
Jasper,Lauri Petteri Samooja,2003-07-21,Finland,GK,RIGHT,61,69,62,61,61,65,60,59,1930000,180000,LEC,189
Andrea,Colpani,1999-05-11,Italy,RW,LEFT,78,78,76,76,77,78,65,66,15750000,364000,MON,184
Matteo,Pessina,1997-04-21,Italy,CM,LEFT,76,76,67,70,76,75,72,68,11310000,312000,MON,187
Dany,Mota Carvalho,1998-05-02,Portugal,CAM,RIGHT,75,75,76,75,66,77,31,62,9590000,312000,MON,180
Gianluca,Caprari,1993-07-30,Italy,CAM,RIGHT,74,74,74,73,73,77,36,49,6340000,312000,MON,176
Samuele,Birindelli,1999-07-19,Italy,RB,RIGHT,74,77,83,52,65,71,70,61,11530000,260000,MON,175
Armando,Izzo,1992-03-02,Italy,CB,RIGHT,73,73,43,37,49,65,75,73,3990000,260000,MON,183
Agustín,Álvarez Martínez,2001-05-19,Uruguay,ST,RIGHT,72,78,70,73,62,69,36,71,9260000,780000,MON,177
Patrick,Ciurria,1995-02-09,Italy,CAM,LEFT,72,72,77,72,71,74,53,54,4550000,260000,MON,178
Paulo,Daniel Dentello Azzi,1994-07-15,Brazil,LB,RIGHT,71,71,85,62,64,70,65,73,3860000,208000,MON,189
Luca,Ravanelli,1997-01-06,Italy,CB,RIGHT,70,71,60,38,47,53,71,68,4380000,180000,MON,187
Andrea,Carboni,2001-02-04,Italy,CB,LEFT,70,76,53,36,55,62,73,66,6650000,180000,MON,187
Demba,Thiam Ngagne,1998-03-05,Senegal,GK,RIGHT,70,73,71,67,67,66,66,76,4760000,180000,MON,202
Keita,Baldé Diao,1995-03-08,Senegal,ST,RIGHT,70,70,80,68,66,72,30,68,3270000,208000,MON,184
Pedro,Mba Obiang Avomo,1992-03-27,Equatorial Guinea,CDM,RIGHT,69,69,43,61,70,68,69,63,2060000,180000,MON,185
Andrea,Petagna,1995-06-30,Italy,ST,LEFT,69,69,43,68,66,67,35,71,2770000,180000,MON,190
Filippo,Delli Carri,1999-05-03,Italy,CB,LEFT,69,72,46,37,42,46,69,77,4030000,180000,MON,191
Mirko,Marić,1995-05-16,Croatia,ST,LEFT,68,68,65,70,53,65,27,64,2350000,180000,MON,188
Valentin,Antov,2000-11-09,Bulgaria,CB,RIGHT,68,75,56,38,48,57,67,77,4950000,180000,MON,189
Nicolas,Galazzi,2000-12-18,Italy,CAM,LEFT,67,73,73,67,65,68,42,58,4050000,180000,MON,182
Semuel,Pizzignacco,2001-09-01,Italy,GK,RIGHT,67,75,68,66,66,64,62,70,4340000,180000,MON,188
Arvid,Brorsson,1999-05-08,Sweden,CB,RIGHT,66,69,53,51,58,61,66,72,2450000,180000,MON,188
Lorenzo,Lucchesi,2003-05-09,Italy,CB,LEFT,65,76,57,33,47,53,65,70,3420000,520000,MON,190
Omari,Nathan Forson,2004-07-20,England,RW,LEFT,65,77,72,60,63,68,31,49,4230000,180000,MON,179
Kevin,Zeroli,2005-01-11,Italy,CM,RIGHT,65,78,67,59,63,70,64,57,4360000,468000,MON,187
Kevin,Maussi Martins,2005-01-31,Italy,RW,RIGHT,62,74,85,54,53,65,33,53,2580000,180000,MON,180
Leonardo,Colombo,2005-06-04,Italy,CDM,RIGHT,62,74,68,45,53,60,60,62,2580000,180000,MON,179
Jacopo,Sardo,2005-03-08,Italy,CM,RIGHT,58,73,56,48,54,60,55,62,1440000,180000,MON,186
Andrea,Sergio Mazza,2004-03-19,Italy,GK,RIGHT,56,68,51,56,56,59,51,58,950000,180000,MON,190
Kevin,De Bruyne,1991-06-28,Belgium,CM,RIGHT,87,87,66,83,92,84,65,72,40520000,9100000,NAP,181
Scott,Francis McTominay,1996-12-08,Scotland,CM,RIGHT,85,85,76,82,77,80,80,85,50180000,7800000,NAP,193
Romelu,Menama Lukaku Bolingoli,1993-05-13,Belgium,ST,LEFT,84,84,79,82,75,75,41,84,33170000,7800000,NAP,191
Giovanni,Di Lorenzo,1993-08-04,Italy,RB,RIGHT,83,83,84,72,73,77,79,80,28110000,6240000,NAP,183
Amir,Kadri Rrahmani,1994-02-24,Kosovo,CB,RIGHT,83,83,69,51,60,63,84,78,28110000,6240000,NAP,192
Stanislav,Lobotka,1994-11-25,Slovakia,CM,RIGHT,83,83,71,69,80,82,76,71,28110000,6500000,NAP,170
Alex,Meret,1997-03-22,Italy,GK,LEFT,82,84,81,74,74,79,84,85,33290000,3744000,NAP,192
Alessandro,Buongiorno,1999-06-06,Italy,CB,LEFT,82,86,69,45,67,65,84,79,36040000,5460000,NAP,190
André-Frank,Zambo Anguissa,1995-11-16,Cameroon,CM,RIGHT,82,82,75,75,75,79,79,85,30540000,5980000,NAP,184
David,Neres Campos,1997-03-03,Brazil,LW,LEFT,81,81,86,76,75,86,46,61,25880000,5980000,NAP,175
Matteo,Politano,1993-08-03,Italy,RW,LEFT,81,81,80,78,80,83,59,55,20190000,5980000,NAP,171
Miguel,Gutiérrez Ortega,2001-07-27,Spain,LB,LEFT,81,85,81,71,79,81,76,73,38180000,4368000,NAP,180
Noa,Noëll Lang,1999-06-17,Netherlands,LW,RIGHT,80,81,80,77,73,84,50,68,22920000,5200000,NAP,179
Vanja,Milinković-Savić,1997-02-20,Serbia,GK,RIGHT,79,81,79,84,84,77,81,79,20260000,1508000,NAP,202
Leonardo,Spinazzola,1993-03-25,Italy,LB,RIGHT,78,78,85,65,73,77,76,67,12290000,4212000,NAP,186
Sam,Beukema,1998-11-17,Netherlands,CB,RIGHT,78,81,49,55,61,62,80,76,17880000,4056000,NAP,188
Mathías,Olivera Miramontes,1997-10-31,Uruguay,LB,LEFT,78,78,70,51,69,72,77,73,15750000,4056000,NAP,184
Eljif,Elmas,1999-09-24,North Macedonia,LW,RIGHT,77,77,72,71,73,80,65,68,16690000,2340000,NAP,184
Lorenzo,Lucca,2000-09-10,Italy,ST,RIGHT,76,80,63,78,59,67,34,82,16690000,936000,NAP,201
Rasmus,Winther Højlund,2003-02-04,Denmark,ST,LEFT,76,83,85,76,58,72,33,79,18600000,3276000,NAP,191
Juan,Guilherme Nunes Jesus,1991-06-10,Brazil,CB,LEFT,74,74,58,33,53,61,77,73,4710000,3276000,NAP,185
Billy,Clifford Gilmour,2001-06-11,Scotland,CM,RIGHT,74,79,60,58,74,76,69,58,12440000,2860000,NAP,170
Pasquale,Mazzocchi,1995-07-27,Italy,RB,RIGHT,72,72,76,59,72,73,68,65,5840000,2704000,NAP,180
Luca,Marianucci,2004-07-23,Italy,CB,RIGHT,68,79,46,26,48,53,70,63,6750000,1196000,NAP,186
Nikita,Contini Baranovskiy,1996-05-21,Italy,GK,RIGHT,67,69,68,61,61,66,64,69,2780000,988000,NAP,190
Giuseppe,Ambrosino Di Bruttopilo,2003-09-10,Italy,ST,RIGHT,67,77,75,63,60,65,40,72,5550000,1248000,NAP,187
Antonio,Vergara,2003-01-16,Italy,RW,LEFT,65,74,66,63,63,66,38,59,3220000,988000,NAP,185
Abdoulaye,Niakhate Ndiaye,2002-04-10,Senegal,CB,LEFT,75,81,67,31,51,51,75,75,15220000,884000,PAR,185
Patrick,Cutrone,1998-01-03,Italy,ST,RIGHT,75,75,73,74,64,76,29,69,9590000,3744000,PAR,183
Hernani,Azevedo Júnior,1994-03-27,Brazil,CDM,RIGHT,75,75,58,70,71,72,73,72,7480000,1040000,PAR,188
Enrico,Delprato,1999-11-10,Italy,RB,RIGHT,75,78,81,54,63,69,72,74,13600000,936000,PAR,183
Emanuele,Valeri,1998-12-07,Italy,LB,LEFT,75,76,74,70,73,74,71,66,10020000,988000,PAR,180
Adrián,Bernabé García,2001-05-26,Spain,CDM,LEFT,74,81,77,70,75,79,69,63,13360000,780000,PAR,170
Zion,Suzuki鈴木 彩艶,2002-08-21,Japan,GK,RIGHT,74,82,73,71,71,72,73,76,13810000,468000,PAR,190
Gaetano,Pio Oristanio,2002-09-28,Italy,CAM,LEFT,74,80,85,72,69,77,51,64,12900000,260000,PAR,174
Matija,Frigan,2003-02-11,Croatia,ST,LEFT,73,83,79,73,60,72,37,76,12480000,832000,PAR,185
Oliver,Sørensen Jensen,2002-03-10,Denmark,CM,LEFT,73,80,73,68,69,71,68,80,11320000,780000,PAR,184
Lamine,Mandela Keita,2002-05-10,Belgium,CDM,RIGHT,73,80,77,56,66,75,71,76,11320000,728000,PAR,180
Jacob,Axel Per Ondrejka,2002-09-02,Sweden,LW,RIGHT,73,82,78,73,71,75,46,57,12090000,780000,PAR,180
Pontus,Skule Erik Almqvist,1999-07-10,Sweden,RW,LEFT,72,73,84,67,62,75,38,49,7620000,780000,PAR,183
Christian,Nahuel Ordoñez,2004-07-24,Argentina,CDM,RIGHT,72,83,83,45,64,70,66,81,13090000,572000,PAR,177
Milan,Đurić,1990-05-22,Bosnia and Herzegovina,ST,RIGHT,71,71,33,71,55,61,32,82,2870000,624000,PAR,198
Alessandro,Circati,2003-10-10,Australia,CB,RIGHT,71,80,59,35,53,49,72,77,10420000,520000,PAR,190
Nahuel,Estévez Álvarez,1995-11-14,Argentina,CDM,RIGHT,71,71,68,70,73,73,66,64,4950000,728000,PAR,181
Adrian,Dawid Benedyczak,2000-11-24,Poland,LW,RIGHT,71,74,84,70,65,68,32,70,7020000,624000,PAR,190
Benjamin,Cremaschi,2005-03-02,United States,CM,RIGHT,68,80,74,57,64,72,58,58,6950000,180000,PAR,180
Lautaro,Rodrigo Valenti,1999-01-14,Argentina,CB,LEFT,68,71,69,51,55,57,68,74,3420000,520000,PAR,188
Mateo,Pellegrino Casalanguila,2001-10-22,Argentina,ST,LEFT,67,74,55,67,49,62,30,71,4190000,416000,PAR,193
Mariano,Emir Troilo,2003-06-22,Argentina,CB,RIGHT,66,79,43,29,43,45,64,76,4280000,312000,PAR,194
Edoardo,Corvi,2001-03-23,Italy,GK,RIGHT,65,71,66,65,65,63,58,68,2910000,180000,PAR,187
Tjaš,Begić,2003-06-30,Slovenia,CM,RIGHT,65,73,79,61,64,69,44,54,3110000,260000,PAR,175
Mathias,Johan Fjørtoft Løvik,2003-12-06,Norway,LB,LEFT,65,76,81,39,57,64,60,65,4110000,208000,PAR,183
Filippo,Rinaldi,2002-12-04,Italy,GK,RIGHT,62,71,61,62,62,62,56,65,1960000,180000,PAR,188
Gianluca,Astaldi,2006-04-10,Italy,GK,RIGHT,56,68,54,52,52,51,56,59,950000,180000,PAR,191
Nicolas,Trabucchi,2007-08-17,Italy,CB,RIGHT,56,71,66,25,37,43,57,55,1040000,180000,PAR,185
Elia,Plicco,2007-02-01,Italy,CM,RIGHT,53,68,62,45,51,57,43,42,880000,180000,PAR,170
Sascha,Britschgi,2006-08-27,Switzerland,RB,RIGHT,52,70,67,27,31,47,49,56,950000,180000,PAR,182
Paulo,Bruno Exequiel Dybala,1993-11-15,Argentina,CAM,LEFT,86,86,80,85,84,87,41,64,46190000,5460000,ROM,177
Artem,Dovbyk,1997-06-21,Ukraine,ST,LEFT,83,83,83,84,68,78,34,79,36040000,4420000,ROM,189
Gianluca,Mancini,1996-04-17,Italy,CB,RIGHT,83,83,70,50,57,64,85,82,36040000,3900000,ROM,190
Mile,Svilar,1999-08-27,Serbia,GK,RIGHT,82,86,80,77,77,80,82,85,45050000,2028000,ROM,189
Obite,Evan Ndicka,1999-08-20,Côte d'Ivoire,CB,LEFT,81,83,74,53,69,69,81,82,35260000,3016000,ROM,192
Lorenzo,Pellegrini,1996-06-19,Italy,CAM,RIGHT,80,80,75,77,80,80,73,73,21930000,3276000,ROM,186
Mario,Hermoso Canseco,1995-06-18,Spain,CB,LEFT,80,80,72,49,73,71,80,79,17110000,3120000,ROM,184
Bryan,Cristante,1995-03-03,Italy,CM,RIGHT,80,80,52,74,78,75,78,81,17110000,3224000,ROM,186
Leon,Patrick Bailey Butler,1997-08-09,Jamaica,RW,LEFT,79,79,87,74,73,84,38,61,18590000,5200000,ROM,178
Donyell,Malen,1999-01-19,Netherlands,RW,RIGHT,79,80,86,78,72,82,35,67,19420000,5200000,ROM,176
José,Ángel Esmoris Tasende,1997-01-04,Spain,LB,LEFT,79,79,69,70,81,80,74,69,18590000,2912000,ROM,171
Stephan,Kareem El Shaarawy,1992-10-27,Italy,LW,RIGHT,79,79,78,75,76,83,49,59,14500000,3068000,ROM,178
Kouadio,Emmanuel Boris Koné,2001-05-17,France,CM,RIGHT,79,84,74,74,75,81,74,82,28460000,2548000,ROM,185
Matías,Soulé Malvano,2003-04-15,Argentina,CAM,LEFT,78,85,79,74,76,81,36,58,25890000,2340000,ROM,176
Wesley,Vinícius França Lima,2003-09-06,Brazil,RB,RIGHT,77,85,89,62,70,78,73,76,27230000,1716000,ROM,178
Konstantinos,TsimikasΚωνσταντίνος Τσιμίκας,1996-05-12,Greece,LB,LEFT,77,77,78,57,75,75,74,72,13350000,4160000,ROM,179
Neil,El Aynaoui,2001-07-02,Morocco,CM,RIGHT,77,83,62,63,76,74,73,75,21190000,2184000,ROM,185
Mehmet,Zeki Çelik,1997-02-17,Türkiye,RB,RIGHT,76,76,72,59,69,73,73,74,11310000,2340000,ROM,180
Tommaso,Baldanzi,2003-03-23,Italy,CAM,LEFT,75,81,76,71,73,78,41,48,15220000,1976000,ROM,170
Pierluigi,Gollini,1995-03-18,Italy,GK,RIGHT,74,74,74,71,71,72,74,76,6340000,1352000,ROM,194
Edoardo,Bove,2002-05-16,Italy,CM,RIGHT,74,81,66,69,68,75,76,66,13360000,1768000,ROM,175
Devyne,Fabian Jairo Rensch,2003-01-18,Netherlands,RB,RIGHT,74,80,74,56,67,71,72,66,12900000,1716000,ROM,179
Evan,Ferguson,2004-10-19,Republic of Ireland,ST,RIGHT,73,82,66,75,60,71,20,71,14510000,2444000,ROM,188
Niccolò,Pisilli,2004-09-23,Italy,CM,RIGHT,72,84,67,66,68,73,69,62,13480000,1248000,ROM,180
Devis,Estiven Vásquez Llach,1998-05-12,Colombia,GK,RIGHT,72,75,72,71,71,68,70,75,6620000,1040000,ROM,195
Daniele,Ghilardi,2003-01-06,Italy,CB,RIGHT,72,80,58,41,47,50,74,71,9920000,1404000,ROM,189
Jan,Ziółkowski,2005-06-05,Poland,CB,RIGHT,66,79,62,28,45,47,66,68,5140000,572000,ROM,194
Radoslaw,Zelezny,2006-09-06,Poland,GK,LEFT,64,78,63,60,60,68,64,64,3800000,180000,ROM,193
Aboubacar,Sangaré Traoré,2007-08-06,Spain,RB,RIGHT,63,77,63,44,56,62,61,51,3220000,260000,ROM,177
Domenico,Berardi,1994-08-01,Italy,RW,LEFT,82,82,82,80,79,84,35,68,23820000,1872000,SAS,183
Armand,Gaëtan Laurienté,1998-12-04,France,LW,RIGHT,80,80,91,77,74,83,36,57,21930000,1560000,SAS,171
Nemanja,Matić,1988-08-01,Serbia,CDM,LEFT,77,77,33,66,74,73,76,73,7740000,884000,SAS,194
Andrea,Pinamonti,1999-05-19,Italy,ST,RIGHT,75,78,70,76,56,71,27,69,10880000,1144000,SAS,188
Kristian,Thorstvedt,1999-03-13,Norway,CM,LEFT,75,76,61,71,74,73,67,82,10020000,1040000,SAS,189
Stefano,Turati,2001-09-05,Italy,GK,RIGHT,74,82,75,71,71,71,74,78,13810000,468000,SAS,188
Daniel,Boloca,1998-12-22,Romania,CM,RIGHT,74,74,59,61,70,74,67,76,8130000,988000,SAS,188
Aster,Jan Vranckx,2002-10-04,Belgium,CM,RIGHT,74,79,57,65,71,76,72,76,12440000,1612000,SAS,183
Josh,Thomas Doig,2002-05-18,Scotland,LB,LEFT,73,78,79,63,66,70,67,70,10540000,728000,SAS,189
Jay,Noah Idzes,2000-06-02,Indonesia,CB,RIGHT,72,77,49,46,60,59,72,78,8940000,728000,SAS,190
Walid,Cheddira,1998-01-22,Morocco,ST,RIGHT,72,73,79,72,64,67,41,75,6100000,2912000,SAS,187
Woyo,Coulibaly,1999-05-26,France,RB,RIGHT,72,75,75,52,66,71,69,73,6620000,1508000,SAS,185
Ismaël,Kenneth Jordan Koné,2002-06-16,Canada,CM,RIGHT,72,79,78,63,68,71,64,69,9590000,1144000,SAS,188
Arijanet,Anan Murić,1998-11-07,Kosovo,GK,RIGHT,72,75,73,75,75,71,71,73,6620000,1196000,SAS,197
Sebastian,Wiktor Walukiewicz,2000-04-05,Poland,CB,RIGHT,71,76,50,38,51,55,73,72,7570000,1092000,SAS,188
Fali,Candé,1998-01-24,Guinea-Bissau,CB,LEFT,71,73,80,56,62,65,71,76,5390000,676000,SAS,184
Nicholas,Pierini,1998-08-06,Italy,ST,RIGHT,71,71,87,70,65,75,39,59,4950000,780000,SAS,176
Alieu,Fadera,2001-11-03,Gambia,LW,RIGHT,71,77,82,64,64,76,58,69,7850000,2080000,SAS,182
Filippo,Romagna,1997-05-26,Italy,CB,RIGHT,70,70,44,32,49,56,74,65,4190000,624000,SAS,186
Tarik,Muharemović,2003-02-28,Bosnia and Herzegovina,CB,LEFT,70,79,59,23,47,56,73,67,7360000,520000,SAS,187
Cas,Odenthal,2000-09-26,Netherlands,CB,RIGHT,69,74,61,35,54,58,70,72,5440000,468000,SAS,190
Cristian,Volpato,2003-11-15,Italy,RW,LEFT,69,78,72,67,66,71,37,60,7480000,468000,SAS,187
Luca,Moro,2001-01-25,Italy,ST,RIGHT,68,73,66,67,49,67,23,63,4610000,520000,SAS,189
Yeferson,Paz Blandón,2002-06-13,Colombia,RB,RIGHT,68,74,72,51,63,68,63,63,4780000,416000,SAS,176
Edoardo,Iannoni,2001-04-11,Italy,CM,RIGHT,67,72,61,60,67,65,58,65,3910000,416000,SAS,185
Edoardo,Pieragnolo,2003-01-03,Italy,LB,LEFT,67,71,70,34,60,61,63,63,3760000,364000,SAS,184
Giacomo,Satalino,1999-05-20,Italy,GK,RIGHT,66,69,68,56,56,64,66,69,2450000,260000,SAS,188
Laurs,Østerby Skjellerup,2002-08-12,Denmark,ST,RIGHT,65,72,81,62,56,61,35,66,3010000,312000,SAS,195
Luca,Lipani,2005-05-18,Italy,CM,RIGHT,65,77,54,44,63,63,62,58,4230000,260000,SAS,185
Gioele,Zacchi,2003-07-10,Italy,GK,RIGHT,62,71,61,59,59,62,61,62,2350000,180000,SAS,185
Duván,Esteban Zapata Banguero,1991-04-01,Colombia,ST,RIGHT,82,82,74,81,64,77,35,82,17710000,3172000,TOR,188
Nikola,Vlašić,1997-10-04,Croatia,CAM,RIGHT,79,79,74,76,76,81,57,70,18590000,2340000,TOR,179
Cristiano,Biraghi,1992-09-01,Italy,LB,LEFT,78,78,72,69,78,76,76,71,12290000,2080000,TOR,185
Ché,Zach Everton Fred Adams,1996-07-13,Scotland,ST,RIGHT,77,77,82,80,64,77,43,72,13350000,2184000,TOR,175
Perr,Schuurs,1999-11-26,Netherlands,CB,RIGHT,77,82,68,64,71,66,80,68,20440000,1768000,TOR,191
Saúl,Basilio Coco Bassey Oubiña,1999-02-09,Equatorial Guinea,CB,RIGHT,76,79,85,56,58,61,77,79,12840000,1768000,TOR,187
Valentino,Lando Lazaro,1996-03-24,Austria,RW,RIGHT,76,76,71,67,76,76,71,65,11310000,1924000,TOR,181
Ivan,Ilić,2001-03-17,Serbia,CM,LEFT,76,81,67,72,77,77,69,67,17320000,1560000,TOR,186
Guillermo,Alfonso Maripán Loaysa,1994-05-06,Chile,CB,RIGHT,76,76,33,42,58,53,78,78,8820000,1820000,TOR,190
Franco,Israel Wibmer,2000-04-22,Uruguay,GK,RIGHT,75,80,79,71,71,71,74,80,14680000,988000,TOR,190
Giovanni,Pablo Simeone Baldini,1995-07-05,Argentina,ST,RIGHT,75,75,71,77,63,73,41,72,9590000,4004000,TOR,181
Ardian,Ismajli,1996-09-30,Albania,CB,RIGHT,74,74,67,30,49,62,78,70,8130000,1612000,TOR,185
Adam,Masina,1994-01-02,Morocco,CB,LEFT,74,74,62,42,66,68,77,65,6340000,1612000,TOR,189
Cesare,Casadei,2003-01-10,Italy,CM,RIGHT,74,83,66,70,74,72,69,71,14270000,1404000,TOR,192
Adrien,Tamèze Aoutsa,1994-02-04,France,CDM,RIGHT,74,74,75,65,66,76,74,71,6340000,1612000,TOR,182
Zakaria,Aboukhlal,2000-02-18,Morocco,CAM,LEFT,74,79,82,72,69,75,41,75,12440000,1560000,TOR,179
Kristjan,Asllani,2002-03-09,Albania,CDM,RIGHT,74,79,65,61,74,74,70,64,12440000,1040000,TOR,179
Saba,Sazonovსაბა საზონოვი,2002-02-01,Georgia,CB,RIGHT,73,78,60,40,58,61,73,70,10540000,1196000,TOR,194
Marcus,Holmgren Pedersen,2000-07-16,Norway,RB,RIGHT,72,75,89,49,68,71,64,66,8280000,1092000,TOR,184
Cyril,Ngonge,2000-05-26,Belgium,RW,LEFT,72,75,82,72,66,75,35,58,8280000,2600000,TOR,179
Niels,Patrick Nkounkou,2000-11-01,France,LB,LEFT,72,78,83,49,69,74,65,71,9260000,936000,TOR,180
Faustino,Adebola Rasheed Anjorin,2001-11-23,England,CM,RIGHT,68,75,75,68,67,73,56,69,4950000,180000,TOR,185
Alberto,Andrea Paleari,1992-08-29,Italy,GK,RIGHT,68,68,67,66,66,66,71,68,2350000,572000,TOR,193
Gvidas,Gineitis,2004-04-15,Lithuania,CM,LEFT,68,79,53,58,69,66,59,65,6750000,624000,TOR,191
Alieu,Eybi Njie,2005-05-14,Sweden,ST,RIGHT,65,77,77,65,55,71,24,54,4230000,416000,TOR,177
Emirhan,İlkhan,2004-06-01,Türkiye,CM,RIGHT,63,74,66,58,63,70,50,43,2950000,312000,TOR,175
Mihai,Maximilian Popa,2000-10-12,Romania,GK,RIGHT,63,70,63,60,60,62,59,65,2160000,208000,TOR,190
Ali,Bina Dembélé,2004-01-05,France,RB,RIGHT,62,73,67,42,55,61,60,60,2500000,260000,TOR,185
Sergiu,Perciun,2006-04-23,Moldova,CM,RIGHT,59,74,68,49,57,61,47,51,1700000,208000,TOR,180
Tommaso,Gabellini,2006-10-21,Italy,ST,LEFT,56,71,57,57,48,56,20,50,1040000,208000,TOR,180
Oumar,Mickael Solet Bomawoko,2000-02-07,France,CB,RIGHT,78,83,79,43,62,68,77,85,24120000,1040000,UDI,192
Nicolò,Zaniolo,1999-07-02,Italy,RW,LEFT,76,77,74,75,73,75,60,77,14780000,2184000,UDI,190
Jesper,Karlström,1995-06-21,Sweden,CDM,RIGHT,75,75,64,57,72,71,71,78,7480000,936000,UDI,185
Sandi,Lovrić,1998-03-28,Slovenia,CM,RIGHT,75,75,62,66,75,73,70,66,9590000,936000,UDI,180
Jurgen,Peter Ekkelenkamp,2000-04-05,Netherlands,CM,RIGHT,74,77,70,69,73,73,67,75,11530000,832000,UDI,188
Maduka,Emilio Okoye,1999-08-28,Nigeria,GK,RIGHT,74,78,73,68,68,72,74,78,11980000,468000,UDI,197
Kingsley,Osezele Ehizibue,1995-05-25,Nigeria,RB,RIGHT,73,73,88,57,65,69,66,74,5370000,780000,UDI,189
Adam,Buksa,1996-07-12,Poland,ST,LEFT,73,73,60,74,56,67,32,77,6890000,884000,UDI,191
Keinan,Vincent Joseph Davis,1998-02-13,England,ST,RIGHT,72,72,64,71,56,72,40,76,5840000,780000,UDI,189
Alessandro,Zanoli,2000-10-03,Italy,RB,RIGHT,72,79,77,54,65,69,69,68,9590000,2236000,UDI,188
Christian,Kabasele,1991-02-24,Belgium,CB,RIGHT,72,72,52,50,51,58,73,75,3380000,728000,UDI,187
Thomas,Thiesson Kristensen,2002-01-17,Denmark,CB,RIGHT,72,81,62,26,50,58,73,76,10250000,572000,UDI,198
Hassane,Kamara,1994-03-05,Côte d'Ivoire,LB,LEFT,72,72,82,62,67,74,66,68,4550000,728000,UDI,170
Lennon,Lee Miller,2006-08-25,Scotland,CM,RIGHT,71,85,73,64,71,68,62,67,12090000,416000,UDI,182
Oier,Zarraga Egaña,1999-01-04,Spain,CM,RIGHT,71,72,69,61,71,74,63,60,5170000,624000,UDI,175
Răzvan,Sergiu Sava,2002-06-21,Romania,GK,RIGHT,71,81,71,65,65,70,71,74,8960000,312000,UDI,197
Idrissa,Guèye,1989-09-26,Senegal,ST,RIGHT,70,83,67,68,49,68,24,65,9960000,364000,UDI,185
Jordan,Bhekithemba Zemura,1999-11-14,Zimbabwe,LB,LEFT,70,73,73,59,66,71,64,58,5950000,520000,UDI,179
Saba,Goglichidzeსაბა გოგლიჩიძე,2004-06-25,Georgia,CB,RIGHT,69,79,54,25,44,48,72,66,7720000,364000,UDI,192
Jakub,Piotrowski,1997-10-04,Poland,CM,RIGHT,69,70,69,64,67,69,67,75,3710000,520000,UDI,188
Arthur,Atta,2003-01-14,France,CM,RIGHT,69,78,72,59,66,71,62,69,6240000,468000,UDI,189
Rui,Manuel Muati Modesto,1999-10-07,Angola,RW,RIGHT,69,70,85,58,63,68,60,59,4640000,468000,UDI,181
Vakoun,Issouf Bayo,1997-01-10,Côte d'Ivoire,ST,RIGHT,69,69,76,68,54,67,25,77,3550000,572000,UDI,184
Nicolò,Bertola,2003-03-23,Italy,CB,RIGHT,68,76,58,32,45,47,67,75,5120000,364000,UDI,192
Iker,Bravo Solanilla,2005-01-13,Spain,ST,RIGHT,67,81,67,67,59,72,26,53,6240000,312000,UDI,182
Daniele,Padelli,1985-10-25,Italy,GK,RIGHT,65,65,62,56,56,65,70,62,1060000,180000,UDI,191
Matteo,Palma,2008-03-13,Germany,CB,RIGHT,62,82,52,28,37,41,65,59,3180000,180000,UDI,194
Alessandro,Nunziante,2007-03-14,Italy,GK,RIGHT,56,75,52,51,51,54,56,60,1150000,180000,UDI,195
Filip,Stankovic,2002-02-25,Serbia,GK,RIGHT,74,82,74,70,70,73,71,75,13810000,180000,VEN,187
Enrique,Pérez Muñoz,1997-02-14,Spain,CM,LEFT,74,74,58,64,71,77,64,60,8130000,312000,VEN,184
Gianluca,Cristiano Busio,2002-05-28,United States,CM,RIGHT,74,81,74,68,72,76,63,62,13360000,260000,VEN,170
Joseph,Alfred Duncan,1993-03-10,Ghana,CM,LEFT,72,72,67,64,70,71,71,75,4550000,260000,VEN,178
Andrea,Adorante,2000-02-05,Italy,ST,RIGHT,71,74,71,71,58,70,38,74,7020000,208000,VEN,184
Antonio,Manuel Casas Marín,2000-03-30,Spain,ST,RIGHT,71,74,78,71,59,68,31,75,7020000,208000,VEN,183
Daniel,Fila,2002-08-21,Czechia,ST,LEFT,71,79,71,71,52,70,28,72,8410000,208000,VEN,190
John,Yeboah Zamora,2000-06-23,Ecuador,ST,LEFT,70,75,92,66,62,75,26,57,6420000,208000,VEN,170
Bartol,Franjić,2000-01-14,Croatia,CDM,LEFT,70,73,68,51,66,65,67,75,5950000,1092000,VEN,188
Cheick,Oumar Conde,2000-07-26,Guinea,CM,RIGHT,69,74,67,66,63,69,70,72,5440000,180000,VEN,184
Emil,Bohinen,1999-03-12,Norway,CM,LEFT,69,72,58,62,69,69,67,71,4030000,624000,VEN,189
Michael,Svoboda,1998-10-15,Austria,CB,RIGHT,68,71,59,44,52,56,67,80,3420000,180000,VEN,195
Antoine,Hainaut,2002-02-18,France,RB,RIGHT,68,72,65,56,62,67,68,56,4440000,180000,VEN,187
Ridgeciano,Delano Leandro Haps,1993-06-12,Suriname,LB,LEFT,68,68,79,63,64,70,62,62,2350000,180000,VEN,175
Marin,Šverko,1998-02-04,Croatia,CB,LEFT,67,69,66,37,55,60,66,74,2780000,180000,VEN,187
Joël,Marcel Schingtienne,2002-08-14,Belgium,CB,RIGHT,67,76,66,25,48,41,69,68,4480000,180000,VEN,188
Michael,Venturi,1999-01-23,Italy,CB,RIGHT,67,71,51,48,58,61,69,56,3010000,180000,VEN,193
Richie,Sagrado Sebastiao,2004-01-30,Belgium,RW,RIGHT,66,77,79,53,57,69,60,63,4850000,180000,VEN,182
Alessandro,Pietrelli,2003-01-05,Italy,RW,RIGHT,66,69,77,62,61,65,46,66,3070000,1300000,VEN,192
Issa,Doumbia,2003-10-16,Italy,CM,RIGHT,66,75,73,53,67,71,60,62,4560000,180000,VEN,187
Nunzio,Lella,2000-07-28,Italy,CM,RIGHT,66,71,78,56,61,65,62,75,3310000,180000,VEN,186
Ahmed,Sidibé,2002-02-10,France,CB,LEFT,65,72,57,26,45,46,65,70,3010000,180000,VEN,189
Mattia,Compagnon,2001-11-06,Italy,RW,LEFT,65,70,68,64,59,70,29,54,2810000,1092000,VEN,171
Alessandro,Plizzari,2000-03-12,Italy,GK,RIGHT,65,69,66,59,59,66,62,69,2700000,180000,VEN,191
Bjarki,Steinn Bjarkason,2000-05-11,Iceland,RW,RIGHT,64,65,63,58,63,67,48,51,2030000,180000,VEN,180
Seid,Korač,2001-10-20,Luxembourg,CB,RIGHT,63,72,53,27,49,55,60,73,2310000,180000,VEN,191
Matteo,Grandi,1992-10-12,Italy,GK,RIGHT,60,60,58,59,59,60,61,56,620000,180000,VEN,190
Jeffrey,Gouweleeuw,1991-07-10,Netherlands,CB,RIGHT,77,77,67,58,66,64,79,76,7740000,1768000,AUG,188
Finn,Gilbert Dahmen,1998-03-27,Germany,GK,RIGHT,77,79,76,81,81,70,76,80,14550000,1092000,AUG,188
Alexis,Claude-Maurice,1998-06-06,France,CAM,RIGHT,77,78,75,74,73,81,68,66,13950000,1820000,AUG,175
Chrislain,Iris Aurel Matsima,2002-05-15,France,CB,RIGHT,77,85,75,34,52,57,77,78,22690000,1456000,AUG,193
Cédric,Zesiger,1998-06-24,Switzerland,CB,LEFT,76,79,66,43,56,61,74,84,12840000,1612000,AUG,194
Keven,Schlotterbeck,1997-04-28,Germany,CB,LEFT,76,78,63,30,53,54,79,73,12330000,1664000,AUG,189
Kristijan,Jakić,1997-05-14,Croatia,CDM,RIGHT,76,76,72,62,65,68,76,80,11310000,1664000,AUG,181
Dimitris,GiannoulisΔημήτριος Γιαννούλης,1995-10-17,Greece,LB,LEFT,76,76,83,55,69,73,70,67,11310000,1664000,AUG,175
Michael,Gregoritsch,1994-04-18,Austria,ST,LEFT,75,75,37,77,68,68,42,76,7480000,884000,AUG,193
Marius,Wolf,1995-05-27,Germany,RB,RIGHT,75,75,74,71,71,73,70,77,7480000,1612000,AUG,188
Phillip,Tietz,1997-07-09,Germany,ST,RIGHT,75,75,59,75,57,68,34,81,9590000,1716000,AUG,190
Samuel,Emmanuel Essende Mbongu,1998-01-23,Congo DR,ST,RIGHT,74,74,73,72,50,67,26,81,8130000,1612000,AUG,192
Arne,Maier,1999-01-08,Germany,CM,RIGHT,74,76,65,62,73,74,68,73,8860000,1456000,AUG,187
Fabian,Rieder,2002-02-16,Switzerland,CAM,LEFT,74,82,74,69,71,75,51,62,13810000,1300000,AUG,179
Elvis,Rexhbeçaj,1997-11-01,Kosovo,CM,LEFT,74,75,60,67,71,73,69,74,8490000,1456000,AUG,182
Ismaël,Gharbi Álvarez,2004-04-10,Tunisia,LW,RIGHT,73,82,78,67,69,79,41,56,14510000,468000,AUG,173
Robin,Fellhauer,1998-01-21,Germany,CDM,RIGHT,73,75,80,58,67,70,70,75,7510000,1300000,AUG,182
Nediljko,Labrović,1999-10-10,Croatia,GK,RIGHT,73,76,73,63,63,68,73,76,9770000,780000,AUG,196
Han-Noah,Massengo,2001-07-07,France,CDM,RIGHT,72,78,68,48,66,74,70,72,9260000,988000,AUG,175
Mads,Giersing Valentin Pedersen,1996-09-01,Denmark,LB,LEFT,72,72,77,52,65,73,68,66,5840000,1196000,AUG,174
Elias,Saad,1999-12-27,Tunisia,LW,RIGHT,72,74,74,67,67,77,31,59,7950000,1248000,AUG,185
Maximilian,Bauer,2000-02-09,Germany,CB,RIGHT,71,75,53,26,47,52,73,73,7290000,988000,AUG,189
Anton,Kade,2004-01-17,Germany,RW,RIGHT,70,79,76,70,67,72,39,63,8830000,728000,AUG,185
Mert,Kömür,2005-07-17,Germany,CAM,RIGHT,68,82,68,64,63,72,38,51,7360000,572000,AUG,183
Noahkai,Dominic Banks,2006-12-01,United States,CB,RIGHT,66,78,61,35,49,52,66,70,4990000,364000,AUG,193
Aiman,Dardari,2005-03-21,Luxembourg,LW,LEFT,62,75,70,57,56,65,31,36,2650000,260000,AUG,178
Daniel,Klein,2001-03-13,Germany,GK,RIGHT,61,67,61,56,56,59,59,63,1500000,180000,AUG,191
Mahmut,Kücüksahin,2004-04-07,Türkiye,CDM,RIGHT,60,72,53,36,55,58,60,47,1850000,208000,AUG,177
Felix,Meiser,2007-01-16,Germany,CB,RIGHT,60,75,48,33,45,51,61,62,2010000,180000,AUG,189
Oliver,Sorg,2007-07-31,Austria,LB,LEFT,58,78,64,30,49,50,56,53,1640000,180000,AUG,176
Frederik,Riis Rønnow,1992-08-04,Denmark,GK,RIGHT,80,80,80,69,69,80,78,82,17110000,1456000,FCU,188
Danilho,Raimundo Doekhi,1998-06-30,Netherlands,CB,RIGHT,78,80,63,42,59,65,78,83,17170000,1820000,FCU,190
Diogo,Filipe Monteiro Pinto Leite,1999-01-23,Portugal,CB,LEFT,78,81,64,38,52,63,80,78,17880000,1820000,FCU,188
Leopold,Querfeld,2003-12-20,Austria,CB,RIGHT,75,85,46,44,58,53,76,78,20850000,1092000,FCU,190
Christopher,Trimmel,1987-02-24,Austria,RB,RIGHT,75,75,67,65,74,68,74,79,5560000,1196000,FCU,189
Josip,Juranović,1995-08-16,Croatia,RB,RIGHT,75,75,79,64,75,74,71,66,9590000,1612000,FCU,173
Rani,Khedira,1994-01-27,Germany,CDM,RIGHT,75,75,57,43,57,62,79,83,7480000,1612000,FCU,189
Derrick,Arthur Köhn,1999-02-04,Germany,LB,LEFT,75,76,87,69,71,77,68,71,10020000,1508000,FCU,180
Tom,Alexander Rothe,2004-10-29,Germany,LB,LEFT,74,81,61,50,70,68,71,76,16030000,1040000,FCU,192
Janik,Haberer,1994-04-02,Germany,CM,RIGHT,74,74,61,67,71,74,63,70,6340000,1560000,FCU,186
Alex,Král,1998-05-19,Czechia,CM,RIGHT,74,75,71,66,71,76,73,79,8490000,1456000,FCU,187
András,Schäfer,1999-04-13,Hungary,CM,RIGHT,74,77,71,62,69,76,65,70,9220000,1456000,FCU,178
Robert,Faxe Skov,1996-05-25,Denmark,LB,LEFT,74,74,75,77,77,75,67,69,8130000,1456000,FCU,185
Woo-yeong,Jeong정우영,1999-09-20,Korea Republic,CAM,RIGHT,73,76,76,62,68,78,36,60,9770000,1300000,FCU,179
Oliver,Jasen Burke,1997-04-07,Scotland,ST,RIGHT,73,73,93,70,64,67,41,74,6890000,1508000,FCU,188
Tim,Skarke,1996-09-07,Germany,ST,RIGHT,73,73,87,74,63,75,47,66,6890000,1508000,FCU,181
Andrej,Ilić,2000-04-03,Serbia,ST,RIGHT,72,75,71,70,51,65,30,77,8280000,1248000,FCU,189
Stanley,Pierre Nsoki,1999-04-09,France,CB,LEFT,72,77,78,38,62,67,72,77,7150000,1144000,FCU,184
Marin,Ljubičić,2002-02-28,Croatia,ST,RIGHT,71,79,72,71,58,72,24,74,8410000,1040000,FCU,183
Matheo,Raab,1998-12-18,Germany,GK,RIGHT,70,74,70,67,67,69,70,70,4950000,624000,FCU,186
Livan,Baha Burcu,2004-09-28,Türkiye,LW,RIGHT,70,78,78,64,66,73,52,59,8550000,728000,FCU,178
Aljoscha,Kemlein,2004-08-02,Germany,CM,RIGHT,70,78,51,59,65,70,66,67,8550000,728000,FCU,185
Ilyas,Ansah,2004-11-08,Germany,ST,RIGHT,69,80,83,62,58,71,27,73,7960000,728000,FCU,194
Carl,Klaus,1994-01-16,Germany,GK,RIGHT,67,67,67,66,66,69,65,70,1990000,468000,FCU,189
Andrik,Markgraf,2006-03-07,Germany,LB,LEFT,63,78,71,39,51,60,61,52,3310000,260000,FCU,172
David,Preu,2004-10-26,Germany,LW,RIGHT,62,77,68,55,59,66,33,42,2800000,260000,FCU,172
Oluwaseun,God Power Osaro Ogbemudia,2006-07-18,Germany,CB,RIGHT,59,76,63,35,40,43,59,63,1800000,180000,FCU,188
Dmytro,Bogdanov,2007-03-06,Ukraine,ST,RIGHT,58,73,67,60,42,56,21,57,1440000,208000,FCU,188
Victor,Okoh Boniface,2000-12-23,Nigeria,ST,RIGHT,81,85,67,83,66,80,38,79,38180000,4108000,BRE2,190
Romano,Christian Schmid,2000-01-27,Austria,CAM,RIGHT,78,81,77,67,78,83,56,58,22350000,1560000,BRE2,168
Cameron,Mitchel Puertas Castro,1998-08-18,Spain,CAM,RIGHT,78,79,74,75,79,79,69,76,16460000,1976000,BRE2,178
Jens,Dalsgaard Stage,1996-11-08,Denmark,CM,RIGHT,78,78,63,73,74,77,75,79,15750000,1664000,BRE2,185
Mitchell-Elijah,Weiser,1994-04-21,Germany,RB,RIGHT,78,78,78,63,74,82,71,72,12290000,1612000,BRE2,177
Marco,Friedl,1998-03-16,Austria,CB,LEFT,77,79,75,44,64,69,79,77,14550000,1404000,BRE2,187
Senne,Maaike Lynen,1999-02-19,Belgium,CDM,RIGHT,76,79,68,62,72,67,74,78,12840000,1352000,BRE2,185
Marco,Grüll,1998-07-06,Austria,LW,RIGHT,75,75,79,75,69,76,36,68,9590000,1352000,BRE2,182
Amos,Pieper,1998-01-17,Germany,CB,RIGHT,75,78,66,32,53,55,77,75,10880000,1248000,BRE2,192
Niklas,Stark,1995-04-14,Germany,CB,RIGHT,75,75,79,50,62,66,74,78,7480000,1352000,BRE2,190
Maximilian,Wöber,1998-02-04,Austria,CB,LEFT,75,76,64,52,67,64,75,76,10020000,2392000,BRE2,188
Felix,Agu,1999-09-27,Nigeria,LB,RIGHT,75,78,91,56,64,75,71,65,13600000,1196000,BRE2,180
Yukinari,Sugawara菅原 由勢,2000-06-28,Japan,RB,RIGHT,74,78,75,54,73,72,69,70,11980000,2132000,BRE2,178
Justin,Gideon Njinmah,2000-11-15,Germany,ST,RIGHT,73,80,88,74,63,73,30,60,11320000,1092000,BRE2,184
Leonardo,Jesus Loureiro Bittencourt,1993-12-19,Germany,CAM,RIGHT,73,73,73,69,71,79,57,59,5370000,1196000,BRE2,171
Karl,Jakob Hein,2002-04-13,Estonia,GK,RIGHT,73,81,72,69,69,71,73,76,11710000,1820000,BRE2,193
Isaac,Osa's Schmidt,1999-12-07,Switzerland,LB,RIGHT,72,75,86,54,60,74,66,66,8280000,1768000,BRE2,172
Samuel-Germain,Kinduelu Mbangula Tshifunda,2004-01-16,Belgium,LW,RIGHT,72,84,78,69,66,74,34,55,13480000,780000,BRE2,179
Olivier,Deman,2000-04-06,Belgium,LB,LEFT,71,74,64,63,69,71,66,73,7020000,832000,BRE2,181
Julián,Malatini,2001-05-31,Argentina,CB,RIGHT,69,77,71,35,57,63,68,74,6040000,572000,BRE2,191
Keke,Maximilian Topp,2004-03-25,Germany,ST,RIGHT,68,80,60,67,51,62,30,76,6950000,520000,BRE2,192
Skelly,Alvero,2002-05-04,France,CDM,RIGHT,68,76,56,52,62,67,64,79,5120000,520000,BRE2,202
Markus,Kolke,1990-08-18,Germany,GK,RIGHT,67,67,66,61,61,65,69,68,1480000,364000,BRE2,187
Mio,Backhaus,2004-04-16,Germany,GK,RIGHT,67,81,67,61,61,63,66,71,6240000,208000,BRE2,194
Dikeni-Rafid,Salifou,2003-06-08,Togo,CDM,RIGHT,64,76,54,48,59,59,62,65,2990000,312000,BRE2,191
Patrice,Čović,2007-06-25,Croatia,CAM,RIGHT,63,81,69,55,61,66,39,38,3570000,208000,BRE2,182
Isak,Hansen-Aarøen,2004-08-22,Norway,CAM,RIGHT,62,76,70,50,60,68,47,50,2730000,260000,BRE2,173
Salim,Amani Musah,2006-02-22,Germany,ST,RIGHT,61,78,67,60,48,57,26,62,2500000,208000,BRE2,198
Wesley,Adeh,2007-01-08,Germany,CM,RIGHT,60,78,64,47,59,59,58,55,2170000,180000,BRE2,187
Abdoul,Karim Coulibaly,2007-05-23,Germany,CB,LEFT,60,79,63,31,41,43,61,61,2230000,180000,BRE2,191
Stefan,Smarkalev,2007-05-14,Bulgaria,GK,RIGHT,59,77,60,60,60,57,55,62,1840000,180000,BRE2,188
Mick,Schmetgens,2007-09-09,Germany,CB,RIGHT,56,75,54,33,35,36,57,58,1150000,180000,BRE2,190
Serhou,Yadaly Guirassy,1996-03-12,Guinea,ST,RIGHT,87,87,72,88,76,83,45,83,69870000,5460000,BVB,187
Gregor,Kobel,1997-12-06,Switzerland,GK,RIGHT,86,89,87,64,64,83,86,87,67210000,2704000,BVB,195
Nico,Cedric Schlotterbeck,1999-12-01,Germany,CB,LEFT,85,88,74,60,75,73,85,82,71190000,3744000,BVB,191
Julian,Brandt,1996-05-02,Germany,CAM,RIGHT,83,83,74,78,83,84,44,70,36040000,3640000,BVB,185
Felix,Kalu Nmecha,2000-10-10,Germany,CDM,RIGHT,82,86,82,74,73,81,80,86,45050000,2600000,BVB,194
Waldemar,Anton,1996-07-20,Germany,CB,RIGHT,82,82,69,47,67,66,84,84,30540000,3120000,BVB,189
Emre,Can,1994-01-12,Germany,CB,RIGHT,82,82,77,76,72,74,82,84,23820000,3120000,BVB,186
Karim-David,Adeyemi,2002-01-18,Germany,RW,LEFT,81,86,96,76,72,82,36,69,39630000,2496000,BVB,180
Niklas,Süle,1995-09-03,Germany,CB,RIGHT,81,81,61,51,68,67,81,79,25880000,2860000,BVB,195
Marcel,Sabitzer,1994-03-17,Austria,CDM,RIGHT,80,80,74,80,80,80,76,76,17110000,2704000,BVB,178
Pascal,Groß,1991-06-15,Germany,CDM,RIGHT,80,80,48,75,84,79,72,76,12720000,2704000,BVB,181
Fábio,Daniel Soares Silva,2002-07-19,Portugal,ST,RIGHT,79,85,81,77,64,79,32,79,29510000,2444000,BVB,185
Maximilian,Beier,2002-10-17,Germany,ST,RIGHT,79,84,86,79,68,80,43,62,28460000,2444000,BVB,185
Ramy,Bensebaini,1995-04-16,Algeria,LB,LEFT,79,79,73,70,70,77,78,79,14500000,2548000,BVB,187
Julian,Ryerson,1997-11-17,Norway,RB,RIGHT,79,80,74,63,71,76,77,82,19420000,2444000,BVB,183
Yan,Bueno Couto,2002-06-03,Brazil,RB,RIGHT,77,82,78,61,77,83,69,61,20440000,1768000,BVB,168
Daniel,Svensson,2002-02-12,Sweden,LB,LEFT,77,82,77,56,75,76,73,74,20440000,1768000,BVB,178
Carney,Chibueze Chukwuemeka,2003-10-20,England,CAM,RIGHT,76,84,74,66,74,80,57,66,23080000,1508000,BVB,187
Alexander,Niklas Meyer-Schade,1991-04-13,Germany,GK,RIGHT,75,75,72,79,79,71,74,76,5560000,1248000,BVB,195
Salih,Özcan,1998-01-11,Türkiye,CDM,RIGHT,75,76,70,59,68,73,75,79,10020000,1820000,BVB,182
Jobe,Samuel Patrick Bellingham,2005-09-23,England,CM,RIGHT,74,85,70,68,71,74,72,78,18220000,1248000,BVB,191
Julien,Dienda M. Duranville,2006-05-05,Belgium,RW,RIGHT,72,87,88,61,63,82,26,49,14660000,1040000,BVB,170
Patrick,Drewes,1993-02-04,Germany,GK,RIGHT,71,71,73,67,67,70,71,70,3860000,884000,BVB,194
Aarón,Anselmino,2005-04-29,Argentina,CB,RIGHT,70,82,67,45,62,63,70,72,9680000,1820000,BVB,186
William,Cole Campbell,2006-02-20,United States,RW,LEFT,67,82,89,57,59,71,26,42,6410000,572000,BVB,170
Almugera,Raouf Mohammed Kabar,2006-06-06,Germany,LB,LEFT,64,81,77,41,60,63,58,70,4110000,364000,BVB,181
Silas,Ostrzinski,2003-11-19,Germany,GK,RIGHT,63,77,65,59,59,60,62,65,3220000,180000,BVB,198
Filippo,Calixte Mané,2005-03-08,Italy,CB,RIGHT,62,79,68,25,43,55,62,61,2950000,312000,BVB,188
Nicolas,Kristof,1999-12-20,Austria,GK,RIGHT,71,74,71,70,70,70,70,72,7020000,364000,ELV,185
Lukas,Finn Pinckert,2000-01-22,Germany,CB,RIGHT,70,72,75,41,56,61,69,75,5710000,520000,ELV,185
Lukas,Emanuel Petkov,2000-11-01,Bulgaria,RW,RIGHT,70,76,80,66,64,70,56,63,6650000,520000,ELV,183
Tom,Zimmerschied,1998-09-22,Germany,LW,RIGHT,69,69,72,60,63,71,37,62,3550000,520000,ELV,180
Luca,Pascal Schnellbacher,1994-05-06,Germany,ST,RIGHT,69,69,71,69,53,68,41,73,2770000,572000,ELV,180
Carlo,Sickinger,1997-07-29,Germany,CDM,RIGHT,69,69,61,49,60,65,69,68,3550000,520000,ELV,183
Florian,Yves Le Joncour,1995-02-03,France,CB,LEFT,69,69,58,38,39,41,70,76,2770000,520000,ELV,193
Maximilian,Rohr,1995-06-27,Germany,CB,RIGHT,68,68,55,53,60,60,67,75,2350000,468000,ELV,193
Jan,Kwasi Gyamerah,1995-06-18,Germany,RB,RIGHT,68,68,75,48,57,65,64,69,2350000,468000,ELV,184
Łukasz,Poręba,2000-03-13,Poland,CM,RIGHT,68,73,67,53,64,67,68,69,4610000,572000,ELV,179
Luca,Pfeiffer,1996-08-20,Germany,ST,RIGHT,67,67,42,66,50,59,33,79,2550000,468000,ELV,196
Amara,Condé,1997-01-06,Germany,CM,RIGHT,67,67,59,59,67,70,64,72,2550000,416000,ELV,173
Manuel,Feil,1994-10-08,Germany,RW,RIGHT,67,67,61,58,62,71,42,55,1990000,416000,ELV,171
Julius,Frederik Schmahl,2002-12-21,Germany,CM,RIGHT,67,74,63,61,67,68,55,67,4190000,364000,ELV,183
Lasse,Günther,2003-03-21,Germany,LB,LEFT,67,75,85,62,62,68,59,63,4340000,364000,ELV,181
Bambasé,Conté,2003-07-07,Germany,ST,RIGHT,66,75,75,65,60,71,29,56,4560000,468000,ELV,182
Felix,Keidel,2003-06-14,Germany,LB,RIGHT,66,74,70,45,67,68,58,60,3670000,312000,ELV,178
Jason,Ceka,1999-11-10,Germany,RW,LEFT,65,68,68,60,62,70,28,48,2600000,260000,ELV,169
Tim,Boss,1993-06-28,Germany,GK,RIGHT,64,64,67,60,60,62,62,64,1210000,180000,ELV,186
Jarzinho,Ataide Adriano de Nascimento Malanga,2006-07-10,Germany,LW,RIGHT,64,80,72,57,58,65,26,57,4010000,312000,ELV,179
Nicholas,Mickelsonลูกโซ่ นิโคลัส เก่งเขตกิจ มิคเคลสัน,1999-07-24,Thailand,RB,RIGHT,63,66,73,33,49,59,58,68,1870000,208000,ELV,185
Otto,Emerson Stange,2007-02-09,Germany,ST,RIGHT,62,82,63,64,47,60,21,60,3180000,208000,ELV,187
Younes,Ebnoutalib,2003-09-13,Germany,ST,RIGHT,62,70,75,59,51,64,23,63,2270000,180000,ELV,187
Frank,Lehmann,1989-04-29,Germany,GK,RIGHT,61,61,63,65,65,62,57,60,550000,180000,ELV,193
Mohammad,Mahmoud,2005-02-13,Germany,ST,RIGHT,59,71,55,59,50,55,28,65,1570000,180000,ELV,190
Daniel,Pantschenko,2003-01-16,Germany,CDM,RIGHT,58,65,67,37,53,58,56,52,950000,180000,ELV,177
Luis,Seifert,2004-01-26,Germany,CB,RIGHT,58,73,56,32,42,46,60,60,1440000,180000,ELV,185
Jonathan,Michael Burkardt,2000-07-11,Germany,ST,RIGHT,82,85,83,82,67,81,44,76,43330000,2236000,SGE,181
Robin,Leon Koch,1996-07-17,Germany,CB,RIGHT,82,82,66,44,63,66,83,81,30540000,2340000,SGE,192
Ritsu,Doan堂安 律,1998-06-16,Japan,RW,LEFT,82,82,82,71,78,85,41,64,30540000,2340000,SGE,172
Mario,Götze,1992-06-03,Germany,CM,RIGHT,82,82,60,75,85,85,56,67,17710000,2444000,SGE,176
Arthur,Nicolas Theate,2000-05-25,Belgium,CB,LEFT,80,84,67,40,70,71,80,82,32350000,1872000,SGE,185
Ellyes,Joris Skhiri,1995-05-10,Tunisia,CDM,RIGHT,80,80,64,73,74,75,80,74,17110000,2028000,SGE,185
Rasmus,Nissen Kristensen,1997-07-11,Denmark,RB,RIGHT,79,79,69,65,70,72,79,81,18590000,1820000,SGE,187
Hugo,Emanuel Larsson,2004-06-27,Sweden,CM,RIGHT,78,87,77,73,71,78,71,77,33200000,1300000,SGE,187
Ansgar,Knauff,2002-01-10,Germany,RW,RIGHT,77,81,89,71,69,76,56,64,19690000,1404000,SGE,180
Michy,Batshuayi-Atunga,1993-10-02,Belgium,ST,RIGHT,77,77,74,78,64,75,36,74,10410000,1820000,SGE,185
Nathaniel,Brown,2003-06-16,Germany,LB,LEFT,77,85,83,53,71,77,71,51,22690000,1352000,SGE,180
Michael,Zetterer,1995-07-12,Germany,GK,RIGHT,76,77,76,81,81,71,73,77,11820000,988000,SGE,187
Jean-Mattéo,Bahoya Négoce,2005-05-07,France,LW,RIGHT,75,86,94,67,67,76,46,59,21500000,1092000,SGE,180
Sepe,Elye Wahi,2003-01-02,France,ST,RIGHT,75,82,84,76,67,77,31,66,15760000,1404000,SGE,181
Can,Yılmaz Uzun,2005-11-11,Türkiye,CAM,RIGHT,74,83,62,75,66,77,25,62,17120000,936000,SGE,186
Pharrell,Nnamdi Collins,2004-01-10,Germany,CB,RIGHT,74,84,86,30,64,68,73,76,17670000,936000,SGE,191
Farès,Chaïbi,2002-11-28,Algeria,CAM,RIGHT,74,81,69,68,75,76,68,69,13360000,1196000,SGE,183
Aurélio,Gabriel Ulineia Buta,1997-02-10,Portugal,RB,RIGHT,73,73,87,60,68,76,66,66,6890000,1196000,SGE,172
Mahmoud,Dahoud,1996-01-01,Germany,CM,RIGHT,73,73,63,67,72,78,64,65,6890000,1248000,SGE,178
Oscar,Winther Højlund,2005-01-04,Denmark,CM,RIGHT,72,83,78,64,68,73,71,69,13090000,832000,SGE,184
Elias,Niklas Baum,2005-10-26,Germany,RB,RIGHT,72,84,75,50,61,68,67,71,13480000,728000,SGE,180
Aurèle,Florian Amenda,2003-07-31,Switzerland,CB,RIGHT,71,80,68,27,51,48,69,75,10420000,676000,SGE,194
Kauã,Morais Vieira dos Santos,2003-04-11,Brazil,GK,RIGHT,71,82,76,63,63,65,62,77,9240000,468000,SGE,196
Ngankam,Jessic Gaïtan Ngankam,2000-07-20,Germany,ST,RIGHT,69,74,80,68,59,70,27,73,5440000,728000,SGE,184
Timothy,Chandler,1990-03-29,United States,RB,RIGHT,64,64,38,67,68,64,69,66,900000,312000,SGE,187
Jens,Grahl,1988-09-22,Germany,GK,RIGHT,64,64,68,58,58,60,62,66,900000,180000,SGE,192
Fenyő,Noah Gabriel,2006-01-30,Hungary,CDM,RIGHT,61,78,64,57,61,62,54,63,2500000,208000,SGE,182
Fousseny,Doumbia,2005-02-23,Mali,CB,LEFT,59,74,59,30,51,52,59,61,1700000,180000,SGE,190
Amil,Siljevic,2007-01-19,Germany,GK,RIGHT,58,76,59,59,59,54,54,62,1560000,180000,SGE,188
Matthias,Lukas Ginter,1994-01-19,Germany,CB,RIGHT,82,82,55,58,71,66,85,75,23820000,2132000,SCF,190
Vincenzo,Grifo,1993-04-07,Italy,LW,RIGHT,80,80,70,76,82,81,43,66,17110000,1924000,SCF,180
Philipp,Lienhart,1996-07-11,Austria,CB,RIGHT,79,80,67,28,59,64,81,78,19420000,1768000,SCF,189
Noah,Atubolu,2002-05-25,Germany,GK,RIGHT,77,83,76,75,75,73,74,79,21190000,728000,SCF,190
Christian,Günter,1993-02-28,Germany,LB,LEFT,77,77,83,60,69,71,73,82,10410000,1508000,SCF,184
Jan-Niklas,Beste,1999-01-04,Germany,LW,LEFT,76,76,78,70,78,76,60,63,11310000,1404000,SCF,175
Lukas,Kübler,1992-08-30,Germany,RB,RIGHT,75,75,77,54,61,67,73,76,7480000,1352000,SCF,182
Patrick,Osterhage,2000-02-01,Germany,CDM,LEFT,75,77,78,57,66,69,74,75,13060000,1196000,SCF,186
Maximilian,Eggestein,1996-12-08,Germany,CDM,RIGHT,75,75,60,62,69,71,72,77,9590000,1352000,SCF,181
Philipp,Treu,2000-12-03,Germany,LB,RIGHT,74,79,81,45,67,76,65,66,12440000,1040000,SCF,172
Maximilian,Rosenfelder,2003-02-10,Germany,CB,RIGHT,74,83,82,30,57,67,75,68,14270000,1040000,SCF,186
Eren,Sami Dinkçi,2001-12-13,Türkiye,CAM,RIGHT,74,80,86,72,69,75,31,60,12900000,1092000,SCF,188
Nicolas,Höfler,1990-03-09,Germany,CDM,RIGHT,73,73,51,47,64,66,74,71,3990000,832000,SCF,181
Lucas,Höler,1994-07-10,Germany,ST,RIGHT,73,73,67,72,55,63,51,79,5370000,1248000,SCF,184
Anthony,Jung,1991-11-03,Germany,CB,LEFT,72,72,62,62,65,65,73,75,3380000,1040000,SCF,185
Florian,Müller,1997-11-13,Germany,GK,LEFT,72,74,72,71,71,67,68,79,6360000,624000,SCF,190
Jordy,Makengo Basambundu,2001-08-03,France,LB,LEFT,72,77,82,36,62,66,69,72,8940000,832000,SCF,190
Yuito,Suzuki鈴木 唯人,2001-10-25,Japan,CAM,RIGHT,71,79,83,68,65,74,48,57,8410000,832000,SCF,175
Daniel-Kofi,Kyereh,1996-03-08,Ghana,CAM,RIGHT,71,71,65,69,65,76,31,47,4950000,988000,SCF,179
Igor,Matanović,2003-03-31,Croatia,ST,RIGHT,71,79,68,69,55,67,34,74,8410000,884000,SCF,194
Chukwubuike,Junior Adamu,2001-06-06,Austria,ST,RIGHT,71,76,77,70,54,70,25,68,7570000,884000,SCF,183
Cyriaque,Kalou Bi Irié,2005-06-20,Burkina Faso,RW,LEFT,70,82,86,62,62,69,27,72,9680000,624000,SCF,185
Jannik,Huth,1994-04-15,Germany,GK,RIGHT,69,69,71,74,74,64,67,71,2770000,468000,SCF,185
Maximilian,Marcus Philipp,1994-03-01,Germany,ST,RIGHT,69,69,63,72,66,75,42,56,2770000,832000,SCF,183
Derry,Lionel Scherhant,2002-11-10,Germany,ST,RIGHT,69,77,83,66,61,73,23,65,6040000,676000,SCF,185
Johan,Manzambi,2005-10-14,Switzerland,CAM,RIGHT,67,84,75,61,59,72,56,62,6750000,416000,SCF,183
Bruno,Ifechukwu Ogbus,2005-12-17,Switzerland,CB,RIGHT,59,76,65,27,41,49,59,59,1800000,180000,SCF,185
Fábio,Daniel Ferreira Vieira,2000-05-30,Portugal,CAM,LEFT,78,81,71,73,78,78,56,53,22350000,5200000,HSV,173
Jordan,Torunarigha,1997-08-07,Nigeria,CB,LEFT,75,75,82,39,61,63,73,81,9590000,1144000,HSV,191
Jean-Luc,Mamadou Diarra Dompé,1995-08-12,France,LW,RIGHT,75,75,77,72,73,80,38,56,9590000,1352000,HSV,170
Albert,Mboyo Sambi Lokonga,1999-10-22,Belgium,CM,RIGHT,75,79,60,59,74,76,68,70,14140000,1144000,HSV,183
Miro,Max Maria Muheim,1998-03-24,Switzerland,LB,LEFT,75,76,73,66,73,73,71,73,10020000,1144000,HSV,182
Daniel,Heuer Fernandes,1992-11-13,Portugal,GK,RIGHT,74,74,74,75,75,70,73,75,6340000,728000,HSV,188
Yussuf,Yurary Poulsen,1994-06-15,Denmark,ST,RIGHT,74,74,65,70,67,73,56,80,6340000,1248000,HSV,192
Robert,Nesta Glatzel,1994-01-08,Germany,ST,RIGHT,73,73,56,73,49,66,30,75,5370000,1144000,HSV,193
Warmed,Omari,2000-04-23,Comoros,CB,RIGHT,73,77,60,34,58,62,73,73,10160000,988000,HSV,188
Nicolás,Capaldo Taboas,1998-09-14,Argentina,CM,RIGHT,73,74,76,69,69,73,69,77,7200000,1040000,HSV,177
Daniel,Peretz,2000-07-10,Israel,GK,RIGHT,73,79,74,73,73,75,66,77,10930000,988000,HSV,190
Rayan,Philippe,2000-10-23,France,ST,LEFT,72,77,90,69,56,73,22,66,8940000,884000,HSV,182
Jonas,Meffert,1994-09-04,Germany,CDM,RIGHT,72,72,51,48,64,66,70,75,4550000,936000,HSV,186
Luka,Vušković,2007-02-24,Croatia,CB,RIGHT,72,87,58,59,57,58,70,77,14660000,1768000,HSV,193
Nicolai,Remberg,2000-06-19,Germany,CM,RIGHT,72,77,64,59,65,71,74,85,8940000,884000,HSV,187
Daniel,Elfadli,1997-04-06,Libya,CB,RIGHT,72,74,65,52,59,61,73,78,6360000,936000,HSV,188
Ransford,Yeboah Königsdörffer,2001-09-13,Ghana,ST,RIGHT,71,77,81,69,64,74,42,64,7850000,780000,HSV,182
Emir,Sahiti,1998-11-29,Kosovo,RW,RIGHT,71,72,75,68,66,73,41,64,5170000,884000,HSV,174
Giorgi,Gocholeishviliგიორგი გოჩოლეიშვილი,2001-02-14,Georgia,RB,RIGHT,70,74,85,54,63,69,61,72,6180000,520000,HSV,178
Sander,Tangvik,2002-11-29,Norway,GK,RIGHT,69,78,69,66,66,68,67,68,6240000,180000,HSV,193
Immanuël-Johannes,Pherai,2001-04-25,Suriname,CAM,RIGHT,69,75,81,58,65,73,38,50,5640000,572000,HSV,175
Silvan,Hefti,1997-10-25,Switzerland,RB,RIGHT,69,69,70,49,63,65,67,72,3550000,624000,HSV,183
Bakery,Jatta,1998-06-06,Gambia,RW,RIGHT,69,69,79,67,66,67,46,74,3550000,676000,HSV,184
Guilherme,Magro Pires Ramos,1997-08-11,Portugal,CB,RIGHT,68,70,60,33,46,50,67,74,3280000,572000,HSV,191
Noah,Katterbach,2001-04-13,Germany,LB,LEFT,68,75,69,41,58,72,66,55,4950000,520000,HSV,180
William,Mikelbrencis,2004-02-25,France,RB,RIGHT,67,81,78,38,59,63,62,59,6240000,364000,HSV,176
Levin,Mete Öztunali,1996-03-15,Germany,RW,RIGHT,67,67,74,64,65,68,48,66,2550000,572000,HSV,184
Fabio,Amado Uri Baldé,2005-07-20,Germany,LW,RIGHT,65,77,83,56,58,67,32,59,4230000,312000,HSV,182
Aboubaka,Soumahoro,2005-02-04,France,CB,LEFT,64,78,63,25,52,57,62,66,3800000,260000,HSV,184
Alexander,Røssing-Lelesiit,2007-01-20,Norway,LW,RIGHT,60,80,74,52,52,64,23,38,2280000,180000,HSV,184
Bilal,Yalcinkaya,2006-03-30,Germany,CAM,RIGHT,59,79,69,55,55,63,32,48,1930000,180000,HSV,182
Fernando,Dickes,2007-10-13,Germany,GK,LEFT,57,77,60,55,55,56,52,59,1390000,180000,HSV,193
Oliver,Baumann,1990-06-02,Germany,GK,RIGHT,83,83,83,78,78,81,80,83,20900000,1092000,TSG,187
Andrej,Kramarić,1991-06-19,Croatia,CAM,RIGHT,81,81,67,82,78,84,33,73,15010000,2548000,TSG,177
Adam,Hložek,2002-07-25,Czechia,ST,RIGHT,77,83,78,78,72,77,31,79,21190000,1716000,TSG,188
Koki,Machida町田 浩樹,1997-08-25,Japan,CB,LEFT,76,76,78,40,60,56,75,82,11310000,1612000,TSG,190
Ozan,Muhammed Kabak,2000-03-25,Türkiye,CB,RIGHT,75,78,60,37,59,66,74,79,13600000,1456000,TSG,186
Mërgim,Berisha,1998-05-11,Germany,ST,RIGHT,75,75,69,76,72,75,37,69,9590000,1716000,TSG,188
Ihlas,Bebou,1994-04-23,Togo,ST,RIGHT,75,75,82,74,68,78,34,57,7480000,1820000,TSG,185
Grischa,Prömel,1995-01-09,Germany,CM,RIGHT,75,75,62,72,70,73,74,77,7480000,1664000,TSG,184
Bernardo,Fernandes da Silva Junior,1995-05-14,Brazil,CB,LEFT,75,75,69,53,63,68,75,76,7480000,1612000,TSG,186
Valentin,André Stanislas Gendrey,2000-06-21,France,RB,RIGHT,74,78,75,37,60,67,72,73,11980000,1352000,TSG,179
Kevin,John Ufuoma Akpoguma,1995-04-19,Nigeria,CB,RIGHT,74,74,76,48,59,70,75,74,6340000,1456000,TSG,192
Arthur,Largura Chaves,2001-01-29,Brazil,CB,RIGHT,74,80,78,37,51,52,76,73,12900000,1196000,TSG,188
Alexander,Prass,2001-05-26,Austria,LB,LEFT,74,77,74,65,74,75,69,74,11530000,1196000,TSG,180
Fisnik,Asllani,2002-08-08,Kosovo,ST,RIGHT,73,79,65,74,59,72,28,74,10930000,1300000,TSG,191
Vladimír,Coufal,1992-08-22,Czechia,RB,RIGHT,73,73,58,56,70,70,74,71,5370000,1352000,TSG,175
Wouter,Burger,2001-02-16,Netherlands,CDM,LEFT,73,78,75,63,69,68,69,81,10540000,1092000,TSG,191
Dennis,Geiger,1998-06-10,Germany,CDM,RIGHT,73,75,55,53,75,78,64,58,7510000,1300000,TSG,173
Tim,Lemperle,2002-02-05,Germany,ST,RIGHT,73,81,75,71,60,73,38,74,11710000,1300000,TSG,187
Robin,Hranáč,2000-01-29,Czechia,CB,RIGHT,71,74,75,38,51,52,70,76,7020000,988000,TSG,189
Muhammed,Mehmet Damar,2004-04-09,Germany,CAM,RIGHT,71,81,68,66,69,73,38,61,10760000,832000,TSG,185
Albian,Hajdari,2003-05-18,Switzerland,CB,LEFT,70,77,60,32,48,51,68,78,6890000,832000,TSG,189
Bazoumana,Touré,2006-03-02,Côte d'Ivoire,LW,LEFT,70,85,91,59,62,71,28,51,10530000,676000,TSG,175
Leon,Avdullahu,2004-02-23,Kosovo,CDM,RIGHT,70,79,60,59,73,69,62,70,8830000,676000,TSG,185
Umut,Deger Tohumcu,2004-08-11,Germany,CAM,RIGHT,70,82,68,62,68,72,49,53,9680000,728000,TSG,175
Luca,Dante Philipp,2000-11-28,Germany,GK,RIGHT,68,72,68,64,64,64,69,70,4440000,364000,TSG,192
Max,Moerstedt,2006-01-15,Germany,ST,RIGHT,67,81,61,66,46,62,30,61,6240000,520000,TSG,194
David,Mokwa Ngabi Ntusu,2004-05-03,France,ST,LEFT,64,72,67,64,47,64,27,51,3170000,364000,TSG,181
Deniz,Zeitler,2006-12-13,Germany,ST,RIGHT,63,78,78,62,54,64,40,56,3310000,312000,TSG,180
Hennes,Behrens,2005-01-19,Germany,LB,LEFT,62,73,63,31,48,57,60,55,2500000,260000,TSG,175
Luka,Đurić,2003-06-18,Germany,CM,RIGHT,61,68,62,51,59,58,55,60,1550000,312000,TSG,180
Lúkas,Blöndal Petersson,2004-02-09,Iceland,GK,RIGHT,60,69,60,57,57,59,59,60,1690000,180000,TSG,195
Kelven,Olagie Frees,2005-02-03,Germany,CB,RIGHT,60,70,58,23,38,37,58,71,1740000,208000,TSG,203
Marvin,Schwäbe,1995-04-25,Germany,GK,RIGHT,77,78,77,75,75,74,75,82,10880000,884000,KOE,190
Alessio,Daniel Castro-Montes,1997-05-17,Belgium,RW,RIGHT,77,77,74,72,74,75,71,72,13350000,1404000,KOE,175
Marius,Bülter,1993-03-29,Germany,ST,RIGHT,76,76,80,77,69,73,48,76,8820000,1456000,KOE,188
Eric,Martel,2002-04-29,Germany,CDM,RIGHT,76,81,61,51,63,71,75,80,17320000,1040000,KOE,188
Tom,Krauß,2001-06-22,Germany,CDM,RIGHT,75,78,71,65,65,72,73,79,13600000,1092000,KOE,183
Ron-Robert,Zieler,1989-02-12,Germany,GK,RIGHT,75,75,73,70,70,71,77,75,5560000,468000,KOE,187
Jakub,Kamiński,2002-06-05,Poland,LW,RIGHT,74,79,84,65,68,77,53,58,12440000,1612000,KOE,179
Florian,Kainz,1992-10-24,Austria,CAM,RIGHT,74,74,64,73,75,76,44,60,6340000,1196000,KOE,176
Linton,Maina,1999-06-23,Germany,LW,RIGHT,73,74,91,62,66,73,30,57,7200000,1040000,KOE,173
Timo,Bernd Hübers,1996-07-20,Germany,CB,RIGHT,73,74,72,40,56,58,73,77,7200000,1040000,KOE,190
Dominique,Heintz,1993-08-15,Germany,CB,LEFT,73,73,53,37,60,58,73,74,5370000,1040000,KOE,188
Ragnar,Prince Friedel Ache,1998-07-28,Germany,ST,RIGHT,73,74,81,70,52,69,29,76,7200000,1092000,KOE,183
Ísak,Bergmann Jóhannesson,2003-03-23,Iceland,CM,LEFT,73,80,72,64,73,73,63,72,11320000,884000,KOE,180
Jan,Uwe Thielmann,2002-05-26,Germany,RW,RIGHT,72,78,81,69,66,72,54,67,9260000,832000,KOE,178
Denis,Huseinbašić,2001-07-03,Bosnia and Herzegovina,CM,RIGHT,72,77,67,62,65,73,64,71,8940000,832000,KOE,184
Gian-Luca,Waldschmidt,1996-05-19,Germany,CAM,LEFT,72,72,68,75,68,74,29,59,5840000,988000,KOE,181
Kristoffer,Lund Hansen,2002-05-14,United States,LB,LEFT,71,78,87,54,65,66,63,69,8130000,208000,KOE,185
Sebastian,Søraas Sebulonsen,2000-01-27,Norway,RB,RIGHT,70,74,89,65,64,69,62,74,6180000,676000,KOE,187
Rav,van den Berg,2004-07-07,Netherlands,CB,RIGHT,70,81,65,35,51,60,70,71,9400000,520000,KOE,190
Cenk,Özkaçar,2000-10-06,Türkiye,CB,LEFT,70,75,57,36,56,61,69,74,6420000,884000,KOE,190
Jusuf,Gazibegović,2000-03-11,Bosnia and Herzegovina,RB,RIGHT,70,74,74,43,66,70,68,65,6180000,676000,KOE,174
Luca,Jannis Kilian,1999-09-01,Germany,CB,RIGHT,69,71,56,39,55,53,68,73,4840000,624000,KOE,192
Joël,Pascal Schmied,1998-09-23,Switzerland,CB,RIGHT,68,72,70,33,42,41,70,69,3550000,572000,KOE,188
Saïd,El Mala,2006-08-26,Germany,LW,RIGHT,68,84,75,64,62,72,39,58,7770000,416000,KOE,187
Sargis,AdamyanՍարգիս Ադամյան,1993-05-23,Armenia,ST,RIGHT,67,67,70,68,62,71,34,67,1990000,572000,KOE,184
Neo,Joshua Telle,2005-04-24,Germany,CB,RIGHT,61,75,61,26,43,52,62,61,2310000,180000,KOE,183
Fayssal,Harchaoui,2006-01-15,Germany,CDM,RIGHT,60,79,63,36,54,60,58,53,2230000,180000,KOE,175
Malek,El Mala,2005-04-02,Germany,ST,RIGHT,59,71,60,57,48,59,49,60,1570000,180000,KOE,193
Emin,Kujovic,2004-09-09,Montenegro,CM,RIGHT,58,72,57,51,60,60,51,64,1410000,180000,KOE,190
Matthias,Köbbing,1997-05-28,Germany,GK,RIGHT,56,59,61,52,52,57,51,56,470000,180000,KOE,196
Péter,Gulácsi,1990-05-06,Hungary,GK,RIGHT,85,85,83,74,74,83,87,84,29100000,1820000,RBL,193
Vilmos,Tamás Orbán,1992-11-03,Hungary,CB,RIGHT,84,84,57,40,56,56,86,83,33170000,4212000,RBL,186
David,Raum,1998-04-22,Germany,LB,LEFT,82,83,86,61,80,79,74,78,31920000,3380000,RBL,181
Castello,Junior Lukeba,2002-12-17,France,CB,LEFT,80,88,72,43,68,73,81,75,37290000,2496000,RBL,183
Xaver,Schlager,1997-09-28,Austria,CDM,LEFT,80,82,69,70,74,78,75,78,23910000,2912000,RBL,174
Benjamin,Henrichs,1997-02-23,Germany,RB,RIGHT,80,80,73,54,76,78,78,74,21930000,3016000,RBL,185
Lukas,Manuel Klostermann,1996-06-03,Germany,CB,RIGHT,78,79,82,50,64,70,80,75,16460000,2600000,RBL,189
Bote,Ridle Nzuzi Baku,1998-04-08,Germany,RW,RIGHT,78,78,81,72,73,81,71,75,15750000,2600000,RBL,176
Saint-Cyr,Johan Bakayoko,2003-04-20,Belgium,RW,LEFT,78,85,85,72,70,81,33,63,25890000,2444000,RBL,179
Timo,Werner,1996-03-06,Germany,LW,RIGHT,77,77,91,74,68,77,35,66,13350000,2704000,RBL,180
Kevin,Kampl,1990-10-09,Slovenia,CM,RIGHT,77,77,66,66,79,81,64,56,7740000,2548000,RBL,178
Amadou,Haïdara,1998-01-31,Mali,CM,RIGHT,77,78,63,70,77,79,73,69,13950000,2444000,RBL,178
Nicolas,Seiwald,2001-05-04,Austria,CDM,RIGHT,77,84,72,62,74,74,74,76,21940000,2028000,RBL,180
Christoph,Baumgartner,1999-08-01,Austria,CAM,RIGHT,77,80,74,72,72,79,47,63,18940000,2392000,RBL,180
Rômulo,José Cardoso da Cruz,2002-02-08,Brazil,ST,RIGHT,76,82,82,75,63,75,35,78,17960000,2184000,RBL,193
Antonio,Eromonsele Nordby Nusa,2005-04-17,Norway,LW,RIGHT,76,88,89,72,68,81,41,63,26130000,1664000,RBL,183
Maarten,Vandevoordt,2002-02-26,Belgium,GK,RIGHT,76,86,78,75,75,75,74,77,20510000,1092000,RBL,192
El,Chadaille Bitshiabu,2005-05-16,France,CB,LEFT,75,87,72,36,60,56,74,79,22150000,1508000,RBL,196
Conrad,Harder Weibel Schandorf,2005-04-07,Denmark,ST,LEFT,74,85,75,76,66,71,28,76,18220000,1664000,RBL,185
Kosta,Nedeljkovic,2005-12-16,Serbia,RB,RIGHT,72,83,81,44,65,69,68,67,13090000,2028000,RBL,184
Andrija,Maksimović,2007-06-05,Serbia,RW,LEFT,71,81,71,70,72,70,37,59,10760000,1092000,RBL,182
Ezechiel,Banzuzi,2005-02-16,Netherlands,CM,RIGHT,70,84,66,61,64,68,61,72,10250000,988000,RBL,191
Leopold,Zingerle,1994-04-10,Germany,GK,RIGHT,69,69,70,66,66,66,68,71,2770000,780000,RBL,182
Max,Finkgräfe,2004-03-27,Germany,LB,LEFT,69,80,75,43,61,73,64,65,7960000,832000,RBL,183
Forzan,Assan Ouédraogo,2006-05-09,Germany,CAM,RIGHT,69,85,76,56,60,76,45,67,9160000,832000,RBL,191
Tidiam,Diadie Stephan Gomis,2006-08-08,France,LW,RIGHT,68,85,85,55,59,73,30,54,7970000,676000,RBL,183
Yan,Diomande,2006-11-14,Côte d'Ivoire,LW,RIGHT,66,78,71,61,62,64,25,49,4990000,520000,RBL,181
Viggo,Gebel,2007-11-22,Germany,CAM,RIGHT,63,81,72,57,61,69,43,47,3570000,312000,RBL,175
Joyeux,Masanka Bungi,2007-01-24,Belgium,LW,LEFT,61,79,67,51,61,58,50,61,2570000,312000,RBL,186
Patrik,Schick,1996-01-24,Czechia,ST,LEFT,85,85,72,83,71,81,38,77,50180000,7020000,B04,191
Exequiel,Alejandro Palacios,1998-10-05,Argentina,CM,RIGHT,84,86,62,76,80,82,81,71,46350000,5720000,B04,178
Alejandro,Grimaldo García,1995-09-20,Spain,LW,LEFT,84,84,72,73,87,85,74,67,42530000,5720000,B04,171
Aleix,García Serrano,1997-06-28,Spain,CM,RIGHT,83,83,65,75,85,84,75,66,36040000,5200000,B04,173
Malik,Leon Tillman,2002-05-28,United States,CAM,RIGHT,82,87,84,76,77,83,65,77,46770000,4160000,B04,187
Edmond,Fayçal Tapsoba,1999-02-02,Burkina Faso,CB,RIGHT,81,83,75,56,68,70,82,80,28210000,4108000,B04,192
Robert,Andrich,1994-09-22,Germany,CDM,RIGHT,81,81,57,77,76,73,83,81,20190000,4316000,B04,186
Martin,Terrier,1997-03-04,France,ST,RIGHT,79,79,78,79,75,80,36,71,18590000,4316000,B04,184
Loïc,Badé,2000-04-11,France,CB,RIGHT,78,84,61,45,56,66,78,78,25010000,3172000,B04,191
Mark,Flekken,1993-06-13,Netherlands,GK,RIGHT,78,78,79,80,80,76,76,80,12290000,2236000,B04,195
Nathan,Adewale Temitayo Tella,1999-07-05,Nigeria,RW,RIGHT,78,79,83,75,71,80,46,60,20580000,3328000,B04,173
Jonas,Hofmann,1992-07-14,Germany,CAM,RIGHT,78,78,64,76,78,79,64,68,12290000,3692000,B04,176
Lucas,Vázquez Iglesias,1991-07-01,Spain,RB,RIGHT,77,77,76,74,80,79,70,67,7740000,3224000,B04,173
Eliesse,Ben Seghir,2005-02-16,Morocco,LW,RIGHT,76,85,77,73,72,79,28,62,23840000,2236000,B04,178
Jarell,Amorin Quansah,2003-01-28,England,CB,RIGHT,75,83,70,34,59,68,74,75,16300000,2392000,B04,190
Ignacio,Ezequiél Agustín Fernández Carballo,2002-07-25,Argentina,CDM,LEFT,75,83,70,47,67,72,70,78,16300000,2392000,B04,178
Claudio,Jeremías Echeverri,2006-01-02,Argentina,CAM,RIGHT,74,86,84,66,71,80,38,47,18770000,2808000,B04,170
Janis,Jonathan Blaswich,1991-05-02,Germany,GK,RIGHT,73,73,73,65,65,68,76,73,3990000,1560000,B04,193
Ibrahim,Maza,2005-11-24,Algeria,CAM,RIGHT,71,84,75,66,66,79,40,62,11760000,1404000,B04,180
Arthur,Augusto de Matos Soares,2003-03-01,Brazil,RB,RIGHT,71,80,83,40,66,73,63,57,8680000,1664000,B04,174
Jeanuël,Belocian,2005-02-17,France,CB,LEFT,70,82,67,41,64,65,70,67,9680000,1248000,B04,182
Ernest,Poku,2004-01-28,Netherlands,RW,RIGHT,70,80,94,60,59,72,32,60,9120000,1300000,B04,173
Christian,Michel Kofane,2006-07-26,Cameroon,ST,RIGHT,68,84,63,70,61,68,26,57,7770000,1040000,B04,189
Niklas,Lomb,1993-07-28,Germany,GK,RIGHT,66,66,68,64,64,58,63,70,1690000,676000,B04,186
Axel,Tape-Kobrissa,2007-08-10,France,CB,RIGHT,65,82,68,42,57,60,66,58,4850000,416000,B04,180
Alejo,Sarco,2006-01-06,Argentina,ST,LEFT,64,81,72,63,51,63,28,60,4110000,624000,B04,179
Jeremiah,Mensah,2008-02-21,Germany,CM,RIGHT,61,81,68,57,60,66,55,55,2690000,312000,B04,176
Nadiem,Amiri,1996-10-27,Germany,CM,RIGHT,81,81,65,79,82,82,62,72,25880000,2080000,M05,180
Kaishu,Sano佐野 海舟,2000-12-30,Japan,CDM,RIGHT,79,83,79,51,67,76,78,75,27420000,1456000,M05,176
Stefan,Posch,1997-05-14,Austria,RB,RIGHT,79,79,75,55,68,66,80,74,18590000,2756000,M05,190
Paul,Nebel,2002-10-10,Germany,CAM,RIGHT,78,85,71,75,72,82,45,60,25890000,1404000,M05,169
Anthony,Caci,1997-07-01,France,RB,RIGHT,78,78,72,56,72,72,75,76,15750000,1612000,M05,185
Robin,Zentner,1994-10-28,Germany,GK,RIGHT,78,78,81,59,59,74,72,83,12290000,1040000,M05,194
Dominik,Kohr,1994-01-31,Germany,CB,RIGHT,77,77,74,63,60,69,77,80,10410000,1508000,M05,183
Jae-sung,Lee이재성 李在成,1992-08-10,Korea Republic,CAM,LEFT,77,77,72,71,72,81,63,66,10410000,1560000,M05,181
Benedict,Hollerbach,2001-05-17,Germany,ST,RIGHT,77,82,85,76,66,79,28,77,20440000,1404000,M05,180
Phillipp,Mwene,1994-01-29,Austria,LB,RIGHT,76,76,78,55,69,75,70,70,8820000,1404000,M05,172
Andreas,Schjølberg Hanche-Olsen,1997-01-17,Norway,CB,RIGHT,75,77,70,38,57,63,75,79,10450000,1352000,M05,185
Danny,Vieira da Costa,1993-07-13,Germany,CB,RIGHT,75,75,80,56,64,69,75,78,7480000,1352000,M05,187
Stefan,Bell,1991-08-24,Germany,CB,RIGHT,74,74,42,38,52,48,77,73,4710000,1248000,M05,192
Arnaud,Dominique Nordin,1998-06-17,France,RW,LEFT,73,73,76,70,70,74,37,55,6890000,1092000,M05,170
Silvan,Dominic Widmer,1993-03-05,Switzerland,RB,RIGHT,72,72,73,62,70,71,70,72,4550000,1040000,M05,183
Lennard,Patrick Maloney,1999-10-08,United States,CDM,RIGHT,72,74,62,44,56,60,75,84,7950000,936000,M05,187
Maxim,Leitsch,1998-05-16,Germany,CB,LEFT,72,74,72,37,57,58,74,62,6360000,988000,M05,189
Armindo,Sieb,2003-02-17,Germany,ST,RIGHT,71,79,83,70,57,76,27,66,8410000,1612000,M05,175
William,Bøving Wick,2003-03-01,Denmark,ST,RIGHT,71,78,81,69,66,73,32,63,8130000,884000,M05,176
Sota,Kawasaki,2001-07-30,Japan,CM,RIGHT,71,76,71,62,64,75,61,62,7570000,780000,M05,172
Nelson,Felix Patrick Weiper,2005-03-17,Germany,ST,RIGHT,70,84,75,67,48,67,26,73,10250000,676000,M05,192
Nikolas,Konrad Veratschnig,2003-01-24,Austria,RB,RIGHT,69,77,83,52,59,66,65,67,6040000,572000,M05,180
Daniel,Batz,1991-01-12,Germany,GK,RIGHT,68,68,67,64,64,67,69,69,1750000,416000,M05,191
Niklas,Tauer,2001-02-17,Germany,CDM,RIGHT,66,72,66,46,57,64,66,68,3430000,416000,M05,183
Ben,Bobzien,2003-04-29,Germany,ST,RIGHT,66,75,73,68,58,71,30,52,3800000,468000,M05,174
Lasse,Finn Rieß,2001-07-27,Germany,GK,RIGHT,66,74,64,62,62,64,65,68,3670000,260000,M05,192
Kasey,Bos,2004-05-08,Australia,LB,LEFT,65,78,73,46,54,59,65,53,4360000,312000,M05,180
Kacper,Potulski,2007-10-19,Poland,CB,RIGHT,62,82,60,29,36,41,62,69,3180000,180000,M05,195
Daniel,Gleiber,2005-02-01,Germany,CM,LEFT,61,76,60,56,64,66,48,52,2370000,208000,M05,178
Maxim,Bora Dal,2006-01-26,Germany,CB,LEFT,58,78,58,41,39,46,59,61,1640000,180000,M05,189
Konstantin,Schopp,2005-12-30,Austria,CB,RIGHT,56,73,59,25,37,37,55,64,1090000,180000,M05,186
Tim,Kleindienst,1995-08-31,Germany,ST,LEFT,81,81,67,82,62,70,45,88,25880000,2236000,BMG,194
Franck,Honorat,1996-08-11,France,RW,RIGHT,80,80,84,78,79,78,53,63,21930000,1924000,BMG,180
Wataru,Endo遠藤 航,1993-02-09,Japan,CDM,RIGHT,79,79,58,68,71,77,79,73,14500000,4940000,BMG,178
Rocco,Reitz,2002-05-29,Germany,CM,RIGHT,77,83,71,70,74,78,77,68,21190000,1300000,BMG,176
Robin,Hack,1998-08-27,Germany,LW,RIGHT,77,77,78,76,71,80,33,61,13350000,1508000,BMG,178
Nico,Elvedi,1996-09-30,Switzerland,CB,RIGHT,77,77,70,39,63,65,78,76,13350000,1508000,BMG,189
Jonas,Omlin,1994-01-10,Switzerland,GK,RIGHT,76,76,77,68,68,76,73,78,8820000,936000,BMG,190
Kevin,Stöger,1993-08-27,Austria,CAM,LEFT,76,76,55,71,81,77,64,61,8820000,1456000,BMG,175
Moritz,Nicolas,1997-10-21,Germany,GK,RIGHT,75,77,77,70,70,76,75,78,10450000,832000,BMG,193
Florian,Christian Neuhaus,1997-03-16,Germany,CM,RIGHT,75,75,72,71,75,76,65,67,9590000,1404000,BMG,185
Shuto,Machino町野 修斗,1999-09-30,Japan,ST,RIGHT,75,78,83,75,68,76,39,76,13600000,1404000,BMG,185
Philipp,Sander,1998-02-21,Germany,CDM,RIGHT,75,76,68,64,74,75,73,68,10020000,1248000,BMG,185
Giovanni,Alejandro Reyna,2002-11-13,United States,RW,RIGHT,75,81,67,72,72,80,38,68,15220000,1144000,BMG,185
Joseph,Michael Scally,2002-12-31,United States,RB,RIGHT,74,78,83,49,60,69,71,76,11980000,1040000,BMG,184
Marvin,Friedrich,1995-12-13,Germany,CB,RIGHT,74,74,58,41,54,50,76,72,8130000,1248000,BMG,193
Kevin,Diks Bakarbessy,1996-10-06,Indonesia,CB,RIGHT,74,75,74,59,68,69,73,79,8490000,1248000,BMG,182
Lukas,Ullrich,2004-03-16,Germany,LB,LEFT,74,82,73,56,63,73,73,71,16580000,884000,BMG,180
Haris,Tabaković,1994-06-20,Bosnia and Herzegovina,ST,RIGHT,73,73,60,73,52,65,29,80,5370000,1508000,BMG,194
Nathan,Ngoumou Minpole,2000-03-14,Cameroon,RW,RIGHT,72,75,89,70,64,71,33,64,8280000,988000,BMG,183
Luca,Netz,2003-05-15,Germany,LB,LEFT,72,77,73,48,69,72,68,66,8940000,832000,BMG,184
Jens,Castrop,2003-07-29,Korea Republic,CM,RIGHT,70,79,80,54,67,74,62,69,8830000,624000,BMG,177
Yannik,Engelhardt,2001-02-07,Germany,CDM,RIGHT,70,75,65,46,64,64,68,69,6420000,1768000,BMG,184
Oscar,Luigi Fraulo,2003-12-06,Denmark,CM,RIGHT,69,80,69,60,66,69,62,71,7960000,520000,BMG,180
Fabio,Cristian Chiarodia,2005-06-05,Italy,CB,LEFT,68,79,67,33,49,56,70,67,6750000,468000,BMG,186
Tiago,Pereira Cardoso,2006-04-07,Luxembourg,GK,RIGHT,67,82,71,68,68,66,65,70,6410000,180000,BMG,190
Tobias,Sippel,1988-03-22,Germany,GK,RIGHT,66,66,64,74,74,62,66,64,1250000,208000,BMG,183
Grant-Leon,Ranos,2003-07-20,Armenia,ST,RIGHT,63,74,62,65,53,65,27,56,2950000,260000,BMG,180
Charles,Kwablan Herrmann,2006-01-21,Germany,RW,LEFT,62,80,70,61,58,67,35,50,3030000,208000,BMG,180
Niklas,Swider,2007-01-05,Germany,CDM,RIGHT,60,80,53,55,58,59,59,62,2280000,180000,BMG,188
Harry,Edward Kane,1993-07-28,England,ST,RIGHT,89,89,64,92,83,82,48,82,75880000,8060000,FCB,188
Joshua,Walter Kimmich,1995-02-08,Germany,CDM,RIGHT,89,89,72,74,89,84,83,79,75880000,7280000,FCB,177
Jamal,Musiala,2003-02-26,Germany,CAM,RIGHT,88,92,80,82,80,90,66,65,121610000,5720000,FCB,184
Jonathan,Glao Tah,1996-02-11,Germany,CB,RIGHT,87,87,63,38,60,63,87,86,69870000,5980000,FCB,195
Michael,Akpovie Olise,2001-12-12,France,RW,LEFT,86,88,78,80,84,87,50,66,80680000,4940000,FCB,184
Luis,Fernando Díaz Marulanda,1997-01-13,Colombia,LW,RIGHT,85,85,88,81,76,87,45,75,50180000,5200000,FCB,180
Dayotchanculle,Oswald Upamecano,1998-10-27,France,CB,RIGHT,85,88,77,45,64,73,84,84,56950000,4940000,FCB,186
Alphonso,Boyle Davies,2000-11-02,Canada,LB,LEFT,84,87,94,66,78,85,74,76,60330000,3848000,FCB,185
Manuel,Peter Neuer,1986-03-27,Germany,GK,RIGHT,84,84,81,90,90,81,86,81,24660000,1456000,FCB,193
Leon,Christoph Goretzka,1995-02-06,Germany,CM,RIGHT,82,82,77,78,80,80,80,82,23820000,4056000,FCB,189
Konrad,Laimer,1997-05-27,Austria,RB,RIGHT,82,82,82,69,76,75,81,76,30540000,3900000,FCB,180
Min-jae,Kim김민재 金敏在,1996-11-15,Korea Republic,CB,RIGHT,82,83,73,33,58,63,83,84,31920000,3900000,FCB,190
Serge,David Gnabry,1995-07-14,Germany,LW,RIGHT,82,82,79,83,78,84,43,66,30540000,4056000,FCB,176
Nicolas,Jackson,2001-06-20,Senegal,ST,RIGHT,80,84,82,77,69,79,40,77,32350000,5720000,FCB,187
Raphaël,Adelino José Guerreiro,1993-12-22,Portugal,LB,LEFT,80,80,69,78,85,88,74,54,17110000,3380000,FCB,170
Aleksandar,Pavlović,2004-05-03,Germany,CDM,RIGHT,79,87,62,64,79,78,76,71,37920000,2236000,FCB,188
Hiroki,Ito伊藤 洋輝,1999-05-12,Japan,CB,LEFT,78,82,74,57,71,72,80,72,18590000,2756000,FCB,188
Josip,Stanišić,2000-04-02,Croatia,CB,RIGHT,78,82,73,44,65,69,79,74,23240000,2652000,FCB,187
Sacha,Boey,2000-09-13,France,RB,RIGHT,77,80,71,55,66,75,76,77,18940000,2236000,FCB,178
Tom,Bischof,2005-06-28,Germany,CM,LEFT,76,86,58,67,79,79,60,60,24610000,1872000,FCB,176
Jonas,Kurt Urbig,2003-08-08,Germany,GK,RIGHT,74,84,74,79,79,70,74,76,17670000,780000,FCB,189
Sven,Ulreich,1988-08-03,Germany,GK,RIGHT,73,73,74,62,62,69,73,76,3990000,780000,FCB,192
Lennart,Karl,2008-02-22,Germany,CAM,LEFT,63,86,69,58,60,69,34,37,4020000,312000,FCB,168
David,Michael Santos Daiber,2007-01-10,Portugal,CDM,RIGHT,59,79,61,49,58,59,58,43,1930000,260000,FCB,179
Jannis,Bärtl,2006-06-24,Germany,GK,RIGHT,58,73,61,57,57,59,62,59,1440000,180000,FCB,185
Leon,Klanac,2007-03-01,Germany,GK,RIGHT,56,75,59,54,54,58,49,60,1150000,180000,FCB,185
Felix,Götze,1998-02-11,Germany,CB,RIGHT,72,73,68,51,64,67,72,73,6100000,468000,SCP,185
Raphael,Sanchez Obermair,1996-04-01,Philippines,RW,RIGHT,72,72,83,64,67,71,65,73,5840000,468000,SCP,182
Filip,Bilbija,2000-04-24,Germany,CAM,RIGHT,71,74,65,65,69,72,31,67,7020000,416000,SCP,189
Calvin,Marc Brackelmann,1999-08-22,Germany,CB,LEFT,70,75,82,47,59,53,68,79,6420000,364000,SCP,196
Sven,Michel,1990-07-15,Germany,ST,LEFT,69,69,69,71,64,72,33,69,2060000,364000,SCP,177
Tjark,Lasse Scheller,2002-01-12,Germany,CB,RIGHT,68,75,57,29,50,49,68,72,4950000,260000,SCP,192
Santiago,Castaneda,2004-11-01,United States,CM,RIGHT,68,78,61,48,63,67,68,66,6550000,208000,SCP,188
Steffen,Tigges,1998-07-31,Germany,ST,LEFT,67,68,59,66,57,56,45,80,2670000,312000,SCP,193
Nick,Bätzner,2000-03-15,Germany,CAM,RIGHT,67,70,68,60,70,70,53,59,3620000,260000,SCP,175
Mattes,Hansen,2004-05-15,Germany,CDM,RIGHT,67,76,58,38,60,62,66,67,5380000,208000,SCP,183
Marcel,Hoffmeier,1999-07-15,Germany,CB,RIGHT,67,71,76,44,61,65,66,74,3760000,260000,SCP,182
Dennis,Seimen,2005-12-01,Germany,GK,LEFT,66,84,67,65,65,61,62,69,5870000,208000,SCP,190
David,Kinsombi,1995-12-12,Germany,CM,RIGHT,66,66,68,64,62,67,63,73,2160000,260000,SCP,183
Laurin,Curda,2001-10-30,Germany,CB,RIGHT,66,73,72,51,62,63,65,73,3550000,208000,SCP,185
Sebastian,Reinhard Klaas,1998-06-30,Germany,CM,RIGHT,66,67,69,62,67,68,49,53,2260000,208000,SCP,180
Lucas,Fernando Copado Schrobenhauser,2004-01-10,Germany,RW,RIGHT,65,76,79,63,53,69,22,47,4110000,180000,SCP,181
Markus,Schubert,1998-06-12,Germany,GK,RIGHT,65,69,67,62,62,63,60,67,2160000,180000,SCP,187
Bennit,Bröger,2006-07-01,Germany,CAM,RIGHT,64,80,66,45,59,73,35,44,4010000,180000,SCP,181
Mika,Baur,2004-07-09,Germany,CAM,RIGHT,64,71,66,56,62,67,47,44,3060000,180000,SCP,172
Jonah,Benedict Sticker,2004-05-08,Germany,LB,RIGHT,63,73,72,30,60,65,59,63,2860000,180000,SCP,180
Luis,Engelns,2007-03-11,Germany,CM,RIGHT,62,78,61,52,60,63,56,58,2880000,180000,SCP,188
Joel,Vega Zambrano,2004-09-10,Germany,RW,LEFT,60,68,67,59,56,61,28,51,1630000,180000,SCP,182
Stefano,Marino,2004-03-12,Germany,ST,RIGHT,60,71,68,59,42,60,18,62,1800000,180000,SCP,186
Kerem,Yalçın,2004-12-02,Germany,CB,RIGHT,59,69,60,31,45,52,60,57,1480000,180000,SCP,183
Ruben,Müller,2005-08-24,Germany,RW,RIGHT,59,67,68,53,56,61,52,50,1380000,180000,SCP,179
Anton,Bäuerle,2005-04-30,Germany,LW,LEFT,59,73,63,41,58,60,53,52,1660000,180000,SCP,181
Kevin,Krumme,2004-03-10,Germany,CB,RIGHT,58,66,47,30,47,40,58,63,1170000,180000,SCP,191
Marco,Wörner,2004-09-25,Germany,CAM,RIGHT,56,71,68,52,49,57,42,57,1040000,180000,SCP,185
Florian,Pruhs,2006-02-06,Germany,GK,RIGHT,53,73,55,57,57,58,47,52,1000000,180000,SCP,190
Edin,Džeko,1986-03-17,Bosnia and Herzegovina,ST,RIGHT,81,81,55,82,74,77,40,72,15010000,2444000,S04,193
Moussa,Sylla,1999-11-25,Mali,ST,RIGHT,73,77,83,72,61,73,25,64,10160000,520000,S04,181
Kenan,Karaman,1994-03-05,Türkiye,CAM,RIGHT,73,73,73,72,67,74,28,72,5370000,572000,S04,189
Dejan,Ljubičić,1997-10-08,Austria,CM,RIGHT,73,74,68,68,70,73,69,76,7200000,832000,S04,187
Finn-Dominik,Porath,1997-02-23,Germany,RW,RIGHT,72,72,76,64,68,73,67,70,5840000,468000,S04,180
Timo,Becker,1997-03-25,Germany,CB,RIGHT,71,71,74,58,60,65,69,79,4950000,416000,S04,190
Hasan,Kuruçay,1997-08-31,Türkiye,CB,RIGHT,70,70,64,42,50,48,68,80,4190000,364000,S04,188
Loris,Sven Karius,1993-06-22,Germany,GK,RIGHT,70,70,72,70,70,65,70,72,3270000,260000,S04,189
Christopher,Antwi-Adjei,1994-02-07,Ghana,LW,RIGHT,69,69,81,60,64,72,30,53,2770000,364000,S04,173
Nikola,Katić,1996-10-10,Bosnia and Herzegovina,CB,RIGHT,69,71,51,35,45,53,68,79,3870000,312000,S04,194
Amin,Younes,1993-08-06,Germany,CAM,RIGHT,69,69,66,64,66,74,34,55,2770000,364000,S04,170
Ron,Schallenberg,1998-10-06,Germany,CDM,RIGHT,68,71,66,49,58,63,67,72,3420000,312000,S04,185
Tomáš,Kalas,1993-05-15,Czechia,CB,RIGHT,68,68,77,47,52,54,66,77,2350000,312000,S04,184
Soufiane,El-Faouzi,2002-07-13,Germany,CM,RIGHT,67,76,65,59,60,74,61,64,4480000,260000,S04,177
Bryan,Lasme,1998-11-14,France,ST,RIGHT,66,68,86,64,53,61,24,75,2360000,260000,S04,194
Anton-Leander,Donkor,1997-11-11,Germany,LB,LEFT,66,66,87,60,57,64,58,80,2160000,208000,S04,186
Felipe,Sánchez,2004-04-07,Argentina,CB,LEFT,66,75,57,40,50,55,66,74,4560000,180000,S04,184
Janik,Jay Bachmann,1996-05-06,Germany,CDM,RIGHT,66,66,55,57,59,57,62,80,2160000,208000,S04,196
Justin,Heekeren,2000-11-27,Germany,GK,RIGHT,66,74,66,72,72,58,66,71,3670000,180000,S04,196
Max,Grüger,2005-05-24,Germany,CDM,RIGHT,65,75,57,49,60,62,63,66,3980000,180000,S04,186
Adrian,Tobias Gantenbein,2001-04-18,Switzerland,RB,RIGHT,65,70,73,48,58,62,59,65,2810000,180000,S04,183
Henning,Matriciani,2000-03-14,Germany,RB,RIGHT,64,66,76,35,49,54,60,71,2120000,180000,S04,187
Christian,Pierre Louis Gomis,2000-08-09,Senegal,ST,RIGHT,63,67,76,66,51,62,31,64,1940000,180000,S04,184
Ibrahima,Cissé,2001-02-15,Mali,CB,RIGHT,61,70,61,30,44,48,60,67,1660000,180000,S04,196
Emil,Winther Højlund,2005-01-04,Denmark,ST,RIGHT,61,76,72,57,48,60,28,67,2370000,180000,S04,192
Vitalie,Becker,2005-03-03,Germany,LB,LEFT,61,74,61,48,60,61,58,58,2250000,180000,S04,179
Mauro,Zalazar Martínez,2005-04-13,Uruguay,CM,RIGHT,60,74,69,52,58,66,55,61,1960000,180000,S04,175
Peter,Remmert,2005-07-09,Germany,ST,RIGHT,60,73,56,57,46,54,26,69,1900000,180000,S04,193
Mertcan,Ayhan,2006-09-08,Türkiye,CB,RIGHT,60,77,61,54,51,54,58,68,2120000,180000,S04,190
Luca,Podlech,2005-03-23,Germany,GK,RIGHT,59,75,52,52,52,58,58,64,1750000,180000,S04,200
Zaid,Amoussou-Tchibara,2006-02-21,Togo,RW,RIGHT,58,75,65,57,54,60,26,49,1520000,180000,S04,177
Johannes,Siebeking,2006-03-02,Germany,GK,LEFT,58,74,59,55,55,56,55,61,1480000,180000,S04,195
Angelo,Stiller,2001-04-04,Germany,CDM,LEFT,83,87,56,58,83,84,76,71,53160000,2444000,VFB,183
Maximilian,Mittelstädt,1997-03-18,Germany,LB,LEFT,82,82,81,62,77,77,78,74,30540000,2756000,VFB,180
Alexander,Nübel,1996-09-30,Germany,GK,RIGHT,81,82,81,84,84,76,78,82,27050000,2340000,VFB,193
Ermedin,Demirović,1998-03-25,Bosnia and Herzegovina,ST,RIGHT,80,80,72,81,73,78,42,78,21930000,2548000,VFB,185
Deniz,Undav,1996-07-19,Germany,ST,RIGHT,80,80,66,82,74,80,33,77,21930000,2652000,VFB,179
Jeffrey,Julian Gaston Chabot,1998-02-12,Germany,CB,LEFT,78,80,47,29,48,56,78,85,17170000,1924000,VFB,195
Chris,Jan Führich,1998-01-09,Germany,LW,RIGHT,77,77,84,69,71,83,51,58,13350000,1872000,VFB,181
Bilal,El Khannouss,2004-05-10,Morocco,CAM,RIGHT,76,84,76,64,76,82,38,56,23080000,1664000,VFB,180
Atakan,Karazor,1996-10-13,Türkiye,CDM,RIGHT,76,76,45,36,63,68,77,74,11310000,1768000,VFB,191
Dan-Axel,Zagadou,1999-06-03,France,CB,LEFT,76,78,46,34,60,51,77,79,12330000,1716000,VFB,196
Lorenz,Assignon,2000-06-22,France,RB,RIGHT,76,80,76,53,64,73,73,73,16690000,1612000,VFB,181
Tiago,Barreiros de Melo Tomás,2002-06-16,Portugal,LW,RIGHT,76,82,86,74,67,79,39,69,17960000,1664000,VFB,180
Jamie,Leweling,2001-02-26,Germany,RW,RIGHT,75,80,83,71,65,78,46,72,14680000,1456000,VFB,185
Badredine,Bouanani,2004-12-08,Algeria,RW,LEFT,75,82,70,68,75,78,33,58,18910000,1352000,VFB,177
Josha,Mamadou Karaboue Vagnoman,2000-12-11,Germany,RB,RIGHT,74,78,87,61,69,72,68,80,11980000,1300000,VFB,190
Silas,Katompa-Mvumpa,1998-10-06,Congo DR,RW,RIGHT,74,75,90,69,61,79,52,71,8490000,1560000,VFB,189
Finn,Jeltsch,2006-07-17,Germany,CB,RIGHT,72,87,69,38,56,62,73,72,14660000,780000,VFB,187
Ameen,Al Dakhil,2002-03-06,Belgium,CB,RIGHT,72,79,68,27,51,62,72,74,9590000,1092000,VFB,188
Fabian,Bredlow,1995-03-02,Germany,GK,LEFT,71,71,71,66,66,67,68,74,3860000,780000,VFB,190
Yannik,Keitel,2000-02-15,Germany,CDM,RIGHT,71,76,63,48,63,66,69,73,7570000,1040000,VFB,186
Leonidas,StergiouΛεωνίδας Στεργίου,2002-03-03,Switzerland,CB,RIGHT,71,79,78,42,60,67,70,75,8410000,988000,VFB,180
Pascal,Stenzel,1996-03-20,Germany,RB,RIGHT,70,70,53,61,70,68,69,69,4190000,1040000,VFB,183
Ramon,Hendriks,2001-07-18,Netherlands,CB,LEFT,70,76,81,33,55,58,70,72,6650000,884000,VFB,189
Luca,Antony Jaquez,2003-06-02,Switzerland,CB,RIGHT,69,78,64,42,52,62,68,71,6240000,780000,VFB,187
Nikolas,Terkelsen Nartey,2000-02-22,Denmark,CM,LEFT,68,72,67,49,67,73,66,68,4440000,780000,VFB,187
Justin,Diehl,2004-11-27,Germany,LW,RIGHT,66,81,89,65,55,70,22,46,5430000,468000,VFB,174
Stefan,Drljača,1999-04-20,Germany,GK,RIGHT,66,71,68,55,55,62,64,71,2650000,364000,VFB,193
Lazar,Jovanović,2006-11-30,Serbia,RW,LEFT,64,82,75,56,57,70,28,46,4210000,312000,VFB,184
José,María Andrés Baixauli,2005-04-25,Spain,CDM,RIGHT,63,78,58,39,61,57,62,63,3310000,312000,VFB,190
Noah,Yanis Darvich,2006-09-25,Germany,CAM,LEFT,62,82,73,51,58,69,34,52,3180000,260000,VFB,184
Mirza,Ćatović,2007-05-01,Serbia,CDM,RIGHT,60,79,58,46,55,59,58,63,2230000,180000,VFB,187
Florian,Pascal Hellstern,2007-10-18,Germany,GK,RIGHT,59,80,63,60,60,58,59,63,1980000,180000,VFB,186
Himad,Abdelli,1999-11-17,Algeria,CAM,RIGHT,76,80,61,69,76,79,60,74,16690000,780000,ANG,185
Haris,Belkebla,1994-01-28,Algeria,CDM,RIGHT,74,74,46,49,71,70,68,74,6340000,728000,ANG,177
Jordan,Lefort,1993-08-09,France,CB,LEFT,73,73,64,26,65,65,73,76,5370000,676000,ANG,184
Kouakou,Hervé Koffi,1996-10-16,Burkina Faso,GK,RIGHT,73,75,75,68,68,69,67,76,7510000,676000,ANG,186
Jim,Émilien Ngowet Allevinah,1995-02-27,Gabon,RW,RIGHT,72,72,82,69,66,73,47,50,4550000,624000,ANG,172
Florent,Olivier Sylvain Hanin,1990-02-04,France,LB,LEFT,72,72,73,44,66,68,69,72,3380000,468000,ANG,177
Carlens,Jean Fedlaire Ruby Arcus,1996-06-28,Haiti,RB,RIGHT,71,71,75,44,66,66,66,75,4950000,520000,ANG,180
Lilian,Raolisoa,2000-06-16,France,RB,RIGHT,70,75,71,42,57,70,69,59,6420000,416000,ANG,178
Emmanuel,Junior Biumla Bayiha,2005-05-08,France,CB,RIGHT,70,80,62,45,53,59,71,70,9120000,364000,ANG,185
Pierrick,Capelle,1987-04-15,France,CDM,LEFT,70,70,44,71,72,69,67,60,2430000,364000,ANG,181
Louis,Mouton,2002-06-03,France,CM,RIGHT,70,78,66,50,67,69,65,73,7120000,416000,ANG,180
Abdoulaye,Bamba,1990-04-25,Côte d'Ivoire,CB,RIGHT,70,70,59,40,64,62,71,68,2430000,364000,ANG,182
Yassin,Belkhdim,2002-02-14,France,CM,RIGHT,70,78,54,54,68,70,67,66,7120000,416000,ANG,175
Ousmane,Camara,2003-03-06,France,CB,RIGHT,69,77,36,48,58,57,67,76,6040000,364000,ANG,197
Jacques,Ekomié,2003-08-19,Gabon,LB,LEFT,68,77,72,31,58,63,64,65,6340000,260000,ANG,179
Sidiki,Chérif,2006-12-15,France,LW,RIGHT,67,79,69,62,60,69,32,55,5890000,208000,ANG,185
Marius,Courcoul,2007-01-01,France,CDM,RIGHT,65,82,55,42,54,56,65,66,4850000,180000,ANG,182
Melvin,Zinga,2002-03-16,France,GK,LEFT,65,73,65,69,69,67,64,69,3110000,180000,ANG,187
Prosper,Peter,2007-08-09,France,ST,RIGHT,63,78,54,65,50,64,32,50,3310000,180000,ANG,181
Justin-Noël,Kalumba Mwana Ngongo,2004-12-25,France,LW,LEFT,63,73,66,50,61,67,49,54,2860000,180000,ANG,182
Lanroy,Machine,2005-10-13,France,ST,RIGHT,61,74,70,57,42,63,22,62,2250000,180000,ANG,183
Guédé,Noah Nadje,2003-11-12,France,ST,LEFT,59,72,54,61,46,59,25,48,1610000,180000,ANG,184
Lionel,Ngangué,2005-05-26,France,LB,LEFT,58,69,63,38,44,57,58,54,1290000,180000,ANG,175
Ilann,Garin,2006-03-01,France,CDM,RIGHT,58,71,64,43,53,56,55,60,1370000,180000,ANG,175
Marius,Louër,2007-03-11,France,RB,RIGHT,58,72,65,34,44,54,55,61,1410000,180000,ANG,181
Oumar,Kalifa Pona,2006-06-21,Mali,GK,RIGHT,57,72,57,53,53,58,55,57,1220000,180000,ANG,195
Jibril,El Baraka,2007-02-23,Morocco,CDM,RIGHT,57,72,61,46,56,54,54,55,1220000,180000,ANG,173
Dan,Sinaté,2006-06-09,Mali,LB,LEFT,57,71,63,33,39,56,55,52,1190000,180000,ANG,181
Amine,Moussaoui,2006-12-28,France,CAM,RIGHT,57,72,59,57,51,61,18,47,1220000,180000,ANG,181
Donovan,René Léon,1992-11-03,France,GK,RIGHT,76,76,76,81,81,71,75,79,8820000,780000,AUX,187
Gideon,Mensah,1998-07-18,Ghana,LB,LEFT,74,75,76,57,65,72,68,67,8490000,1040000,AUX,178
Clément,Akpa,2001-11-24,Côte d'Ivoire,CB,LEFT,74,80,70,42,61,67,74,72,12900000,884000,AUX,183
Lassine,Sinayoko,1999-12-08,Mali,ST,RIGHT,74,77,75,73,68,73,43,73,11530000,1144000,AUX,186
Kévin,Danois,2004-06-28,France,CM,RIGHT,74,82,59,62,71,75,68,64,16580000,780000,AUX,183
Daniel,Namaso Edi-Mesumbe Loader,2000-08-28,Cameroon,ST,RIGHT,73,78,79,71,61,76,23,68,10540000,520000,AUX,182
Sinaly,Diomandé,2001-04-09,Côte d'Ivoire,CB,RIGHT,73,77,62,50,61,58,73,75,10160000,832000,AUX,184
Elisha,Owusu,1997-11-07,Ghana,CDM,RIGHT,73,76,55,54,68,70,70,70,7820000,936000,AUX,182
Osman,Ibrahim Abrahim,2004-11-29,Ghana,LW,RIGHT,72,84,90,64,62,76,28,57,13480000,1976000,AUX,178
Josué,Casimir,2001-09-24,France,RW,RIGHT,71,76,82,68,63,71,43,67,7570000,676000,AUX,180
Sékou,Mara,2002-07-30,France,ST,RIGHT,70,77,76,68,53,68,26,67,6890000,1300000,AUX,183
Francisco,Andrés Sierralta Carvallo,1997-05-06,Chile,CB,RIGHT,70,70,50,33,52,52,69,74,4190000,728000,AUX,190
Assane,Dioussé El Hadji,1997-09-20,Senegal,CDM,LEFT,69,70,57,47,64,72,66,64,3710000,624000,AUX,175
Marvin,Senaya,2001-01-28,France,RB,RIGHT,69,74,70,46,57,66,67,64,5440000,520000,AUX,181
Oussama,El Azzouzi,2001-05-29,Morocco,CDM,RIGHT,68,73,55,61,65,65,65,64,4610000,832000,AUX,189
Lasso,Coulibaly,2002-10-19,Côte d'Ivoire,RW,RIGHT,68,76,90,55,58,72,33,62,5120000,520000,AUX,176
Fredrik,Oppegård,2002-08-07,Norway,LB,LEFT,67,76,79,52,60,64,61,61,4480000,416000,AUX,175
Théo,Franck Mathias De Percin,2001-02-02,France,GK,RIGHT,66,74,69,65,65,64,64,68,3670000,208000,AUX,185
Lamine,Sy,2002-08-10,France,RB,RIGHT,66,75,82,38,52,63,59,56,3800000,364000,AUX,174
Nathan,Buayi-Kiala,2004-02-29,France,CM,RIGHT,62,73,58,54,62,63,59,57,2500000,208000,AUX,177
Telli,Siwe,2004-12-14,France,CB,RIGHT,60,75,60,24,37,42,60,64,2010000,180000,AUX,180
Tom,Negrel,2003-04-13,France,GK,RIGHT,59,70,56,60,60,57,61,62,1270000,180000,AUX,192
Rudy,Nzingoula Matondo,2008-03-13,France,CM,RIGHT,59,78,61,49,53,66,46,57,1890000,180000,AUX,178
Rayan,Mandengue,2006-01-06,Cameroon,LW,RIGHT,59,72,76,46,52,60,26,58,1610000,180000,AUX,178
Ryan,Rodin,2006-03-02,France,ST,RIGHT,59,71,71,54,44,62,20,59,1570000,180000,AUX,182
Elikya,Legros,2008-06-06,France,CB,RIGHT,59,74,63,28,42,50,59,60,1700000,180000,AUX,177
Tidiane,Devernois,2007-10-18,France,CM,RIGHT,58,75,66,46,54,67,40,48,1520000,180000,AUX,174
Louis,Mezerette,2006-08-30,France,GK,RIGHT,58,74,56,59,59,55,56,61,1480000,180000,AUX,184
Radosław,Majecki,1999-11-16,Poland,GK,RIGHT,77,80,77,71,71,75,76,78,18940000,936000,BRE3,193
Brendan,Chardonnet,1994-12-22,France,CB,RIGHT,77,77,46,46,54,60,79,76,10410000,1300000,BRE3,181
Ludovic,Ajorque,1994-02-25,France,ST,LEFT,77,77,63,76,62,68,46,84,10410000,1456000,BRE3,196
Hugo,Magnetti,1998-05-30,France,CDM,RIGHT,76,78,44,50,68,75,70,75,12330000,1144000,BRE3,172
Romain,Del Castillo,1996-03-29,France,RW,LEFT,76,76,82,72,76,79,41,64,11310000,1352000,BRE3,172
Kenny,Lala,1991-10-03,France,RB,RIGHT,76,76,75,62,73,72,73,74,6560000,1196000,BRE3,178
Bradley,Locko Banzouzi,2002-05-06,France,LB,LEFT,75,81,73,50,63,71,74,67,15220000,936000,BRE3,180
Julien,Le Cardinal,1997-08-03,France,CB,RIGHT,74,76,71,31,63,65,74,76,8860000,1040000,BRE3,184
Joris,Chotard,2001-09-24,France,CDM,RIGHT,74,79,64,57,73,75,69,72,12440000,884000,BRE3,179
Kamory,Doumbia,2003-02-18,Mali,CAM,RIGHT,74,80,68,68,70,77,57,56,12900000,936000,BRE3,170
Lucas,Simon Pierre Tousart,1997-04-29,France,CDM,RIGHT,74,75,60,55,63,68,74,79,8490000,1092000,BRE3,185
Mama,Samba Baldé,1995-11-06,Guinea-Bissau,ST,RIGHT,73,73,88,71,65,72,49,75,6890000,1092000,BRE3,176
Éric,Junior Dina Ebimbe,2000-11-21,France,RW,RIGHT,72,76,79,64,69,73,69,74,8610000,988000,BRE3,184
Rémy,Labeau Lascary,2003-03-03,France,ST,RIGHT,72,79,76,71,63,71,28,60,9590000,936000,BRE3,184
Michel,Junior Diaz,2003-07-23,Côte d'Ivoire,CB,RIGHT,69,80,79,29,49,50,69,76,7960000,180000,BRE3,193
Pathé,Mboup,2003-10-19,Senegal,LW,RIGHT,69,79,87,65,59,72,27,60,7720000,468000,BRE3,175
Tolikpaley,Luck Evrad Zogbé,2005-03-24,Côte d'Ivoire,RB,RIGHT,68,78,66,34,53,61,67,62,6550000,416000,BRE3,178
Daouda,Guindo,2002-10-14,Mali,LB,LEFT,67,76,84,37,55,71,60,69,4480000,416000,BRE3,183
Grégoire,Coudert,1999-04-03,France,GK,LEFT,66,70,68,59,59,64,63,68,2550000,260000,BRE3,188
Justin,Bourgault,2005-09-14,France,LB,LEFT,65,76,62,43,54,59,62,65,4110000,260000,BRE3,185
Hamidou,Makalou,2006-07-15,Mali,CDM,RIGHT,63,80,59,54,56,68,59,52,3480000,180000,BRE3,164
Raphaël,Le Guen,2006-09-01,France,CB,RIGHT,62,74,63,25,36,43,62,65,2580000,180000,BRE3,196
Noah,Jauny,2004-08-26,Republic of Ireland,GK,RIGHT,58,71,64,51,51,54,56,61,1370000,180000,BRE3,194
Serigne,Saliou Diop,2005-05-12,Senegal,ST,RIGHT,57,69,60,59,38,60,24,52,1130000,180000,BRE3,187
Abdoulaye,Touré,1994-03-03,Guinea,CDM,RIGHT,75,75,42,64,66,65,72,80,7480000,780000,HAC,188
Gautier,Lloris,1995-07-18,France,CB,LEFT,74,74,37,36,54,55,75,78,8130000,728000,HAC,191
Arouna,Sangante,2002-04-12,Senegal,CB,RIGHT,73,80,54,34,59,59,73,75,11320000,520000,HAC,189
Yassine,Kechta,2002-02-25,Morocco,CM,LEFT,73,80,57,59,72,74,64,63,11320000,572000,HAC,174
Loïc,Négo,1991-01-15,Hungary,RB,RIGHT,72,72,75,64,68,69,67,66,3380000,572000,HAC,181
Issa,Soumaré,2000-10-10,Senegal,LW,RIGHT,72,76,83,65,63,74,20,58,8610000,520000,HAC,182
Etienne,Ludovic Youté Kinkoué,2002-01-14,France,CB,RIGHT,72,79,55,31,50,47,70,80,9590000,520000,HAC,195
Mbwana,Ally Samatta,1992-12-23,Tanzania,ST,RIGHT,72,72,75,70,62,68,37,73,4550000,676000,HAC,183
Reda,Jousef Khadra,2001-07-04,Germany,CAM,RIGHT,72,78,85,66,67,76,48,63,9260000,364000,HAC,180
Younes,Namli,1994-06-20,Denmark,RW,LEFT,71,71,68,65,70,74,44,60,3860000,572000,HAC,180
Thomas,Delaine,1992-03-24,France,LB,LEFT,71,71,72,50,69,71,67,69,2870000,520000,HAC,180
Mory,Diaw,1993-06-22,Senegal,GK,RIGHT,70,70,70,71,71,70,70,72,3270000,312000,HAC,197
Yanis,Zouaoui,1998-04-28,France,LB,LEFT,70,71,63,52,65,67,66,64,4380000,468000,HAC,183
Rassoul,Ndiaye,2001-12-11,Senegal,CM,RIGHT,70,75,69,55,64,69,67,71,6420000,416000,HAC,179
Ayumu,Seko瀬古 歩夢,2000-06-07,Japan,CB,RIGHT,69,74,64,36,57,59,69,74,5440000,364000,HAC,185
Fodé,Doucouré,2001-02-03,Mali,RB,RIGHT,69,73,88,57,60,69,63,65,5240000,364000,HAC,172
Lionel,M'Pasi N'Zau,1994-08-01,Congo DR,GK,RIGHT,67,67,67,66,66,66,66,65,1990000,208000,HAC,182
Godson,Kyeremeh,2000-06-14,France,RW,RIGHT,66,69,86,62,59,67,32,41,3070000,260000,HAC,175
Felix,Khonde Mambimbi,2001-01-18,Switzerland,ST,RIGHT,66,72,86,64,55,71,24,53,3430000,260000,HAC,171
Simon,Ebonog,2004-08-16,France,CM,RIGHT,65,76,67,55,62,66,61,47,4110000,180000,HAC,180
Andy,Elysée Logbo,2004-05-06,France,ST,LEFT,65,75,56,65,50,64,19,66,3980000,208000,HAC,188
Damián,Nicolás Pizarro Huenuqueo,2005-03-28,Chile,ST,RIGHT,65,79,83,60,47,67,18,71,4480000,260000,HAC,187
Daren,Nbenbege Mosengo,2006-08-11,France,CM,RIGHT,63,76,52,53,61,63,59,57,3130000,180000,HAC,180
Guy-Noël,Prince Zohouri,2007-02-01,France,CM,RIGHT,61,76,53,52,62,60,57,55,2370000,180000,HAC,185
Paul,Antoine Robin Stanislas Argney,2006-05-23,France,GK,RIGHT,60,77,62,60,60,59,54,64,2120000,180000,HAC,186
Adrien,Thomasson,1993-12-10,France,CM,RIGHT,77,77,58,73,76,77,65,72,10410000,1456000,LEN,175
Jonathan,Gradit,1992-11-24,France,CB,RIGHT,77,77,66,29,63,69,77,79,10410000,1404000,LEN,180
Ruben,Aguilar,1993-04-26,France,RB,RIGHT,76,76,67,53,70,74,73,75,8820000,1300000,LEN,172
Deiver,Andrés Machado Mena,1993-09-02,Colombia,LB,LEFT,76,76,84,69,71,76,71,76,8820000,1300000,LEN,180
Florian,Tristan Mariano Thauvin,1993-01-26,France,ST,LEFT,76,76,71,77,79,80,45,65,8820000,1508000,LEN,181
Saud,Abdullah Abdul Hamid,1999-07-18,Saudi Arabia,RB,RIGHT,75,78,86,46,66,71,69,70,13600000,2028000,LEN,175
Florian,Sotoca,1990-10-25,France,ST,RIGHT,75,75,64,74,75,71,50,79,5560000,1404000,LEN,187
Wesley,Saïd,1995-04-19,France,ST,RIGHT,74,74,73,75,67,78,30,58,6340000,1300000,LEN,171
Matthieu,Udol,1996-03-20,France,CB,LEFT,74,74,70,52,65,72,74,74,8130000,1144000,LEN,178
Abdallah,Dipo Sima,2001-06-17,Senegal,LW,RIGHT,74,79,87,74,66,73,41,72,12440000,988000,LEN,188
Malang,Mamadou William Sarr,1999-01-23,France,CB,LEFT,73,76,52,45,65,64,73,70,7820000,988000,LEN,183
Morgan,Guilavogui,1998-03-10,Guinea,ST,RIGHT,73,74,74,71,66,71,39,72,7200000,1144000,LEN,189
Robin,Risser Birckel,2004-12-02,France,GK,RIGHT,72,82,72,70,70,72,67,73,12690000,364000,LEN,193
Mamadou,Sangaré,2002-06-26,Mali,CM,LEFT,72,81,82,64,68,74,68,69,10250000,832000,LEN,181
Jhoanner,Stalin Chávez Quintero,2002-04-25,Ecuador,LB,LEFT,72,78,85,60,66,72,66,67,9260000,780000,LEN,182
Odsonne,Édouard,1998-01-16,France,ST,RIGHT,72,73,66,73,65,71,45,67,6100000,1040000,LEN,187
Samson,Baidoo,2004-03-31,Austria,CB,RIGHT,70,81,70,26,50,60,69,73,9400000,520000,LEN,190
Hamzat-Basit,Ojediran,2003-11-14,Nigeria,CDM,RIGHT,70,77,62,54,62,64,68,72,8270000,520000,LEN,179
Régis,Gurtner,1986-12-08,France,GK,RIGHT,69,69,65,70,70,66,71,68,2060000,260000,LEN,182
Anthony,Bermont,2005-02-10,France,LW,RIGHT,68,78,74,54,63,71,50,58,6550000,468000,LEN,176
Pierre-Ismaëlo,Ganiou,2005-03-14,Burkina Faso,RB,RIGHT,66,77,71,54,54,61,62,76,4850000,312000,LEN,185
Fodé,Sanassy Sylla,2006-04-16,France,CM,RIGHT,65,78,60,57,62,63,61,67,4360000,260000,LEN,182
Rayan,Fofana,2006-02-12,France,ST,RIGHT,65,78,74,64,53,66,26,55,4360000,312000,LEN,182
Andrija,Bulatovic,2006-12-27,Montenegro,CM,RIGHT,64,78,63,54,63,61,62,58,3800000,260000,LEN,180
Nidal,Čelik,2006-07-17,Bosnia and Herzegovina,CB,RIGHT,64,78,60,35,49,50,62,71,3800000,208000,LEN,192
Kyllian,Anderson Antonio,2008-01-04,France,CB,RIGHT,64,79,63,37,52,54,64,62,3900000,180000,LEN,183
Alpha,Diallo,2006-02-25,France,CM,RIGHT,62,76,59,53,63,66,52,47,2730000,208000,LEN,179
Ilan,Jourdren,2008-07-17,France,GK,RIGHT,60,78,60,56,56,57,58,63,2170000,180000,LEN,188
Benjamin,André,1990-08-03,France,CDM,RIGHT,80,80,55,64,73,76,79,83,12720000,1872000,LIL,180
Alexsandro,Victor de Souza Ribeiro,1999-08-09,Brazil,CB,LEFT,80,84,66,40,63,59,80,81,32350000,1716000,LIL,191
Olivier,Jonathan Giroud,1986-09-30,France,ST,LEFT,79,79,48,80,71,73,41,79,10780000,1560000,LIL,193
Hákon,Arnar Haraldsson,2003-04-10,Iceland,CAM,RIGHT,78,84,77,67,75,81,57,69,25010000,1456000,LIL,178
Berke,Özer,2000-05-25,Türkiye,GK,RIGHT,77,80,77,70,70,73,76,79,18940000,884000,LIL,190
Tiago,Carvalho Santos,2002-07-23,Portugal,RB,RIGHT,77,83,83,56,71,77,71,65,21190000,1248000,LIL,175
Nabil,Bentaleb,1994-11-24,Algeria,CDM,LEFT,77,77,50,72,77,79,71,73,10410000,1508000,LIL,187
Osame,Sahraoui,2001-06-11,Morocco,LW,RIGHT,76,82,83,63,68,82,45,54,17960000,1248000,LIL,171
Thomas,Andre A. Meunier,1991-09-12,Belgium,RB,RIGHT,76,76,63,74,72,71,75,81,6560000,1404000,LIL,191
Félix,Alexandre Andrade Sanches Correia,2001-01-22,Portugal,LW,RIGHT,75,80,84,69,68,76,42,64,14680000,1196000,LIL,178
Chancel,Mbemba Mangulu,1994-08-08,Congo DR,CB,RIGHT,75,75,67,56,65,67,75,73,7480000,1352000,LIL,182
André,Filipe Tavares Gomes,1993-07-30,Portugal,CDM,RIGHT,75,75,41,66,75,73,70,74,7480000,1352000,LIL,190
Ayyoub,Bouaddi,2007-10-02,France,CM,RIGHT,75,86,75,58,72,75,67,71,21500000,728000,LIL,186
Aïssa,Mandi,1991-10-22,Algeria,CB,RIGHT,75,75,57,46,71,67,75,73,5560000,1352000,LIL,186
Matias,Fernandez-Pardo,2005-02-03,Spain,LW,RIGHT,75,84,87,71,68,76,39,57,20210000,988000,LIL,188
Romain,Paul Jean-Michel Perraud,1997-09-22,France,LB,LEFT,74,75,72,75,76,75,68,71,8490000,1196000,LIL,173
Ngal'ayel,Mukau,2004-11-03,Congo DR,CDM,LEFT,74,83,69,57,65,71,70,75,17120000,884000,LIL,186
Arnaud,Bodart,1998-03-11,Belgium,GK,RIGHT,73,77,76,68,68,70,73,73,8130000,676000,LIL,186
Hamza,Igamane,2002-11-02,Morocco,ST,RIGHT,73,82,80,72,63,74,34,70,12090000,1092000,LIL,181
Calvin,Ronald Verdonk,1997-04-26,Indonesia,LB,LEFT,71,71,76,58,66,66,68,74,4950000,936000,LIL,174
Ethan,Mbappé Lottin,2006-12-29,France,CM,LEFT,69,80,73,60,68,71,59,54,7960000,468000,LIL,180
Nathan,Ngoy,2003-06-10,Belgium,CB,RIGHT,69,78,78,44,49,67,67,75,6240000,624000,LIL,183
Ugo,Raghouber,2003-07-13,France,CDM,LEFT,69,79,72,60,62,71,65,69,7720000,520000,LIL,180
Marius,Sivertsen Broholm,2004-12-26,Norway,RW,LEFT,69,81,75,63,64,68,49,56,8200000,520000,LIL,176
Marc-Aurèle,Caillard,1994-05-12,France,GK,RIGHT,67,67,67,65,65,66,68,68,1990000,364000,LIL,192
Ousmane,Touré,2005-02-18,France,CB,RIGHT,65,77,71,26,49,57,66,64,4230000,312000,LIL,187
Trévis,Dago,2005-01-21,France,ST,RIGHT,63,74,74,64,46,63,18,59,2950000,312000,LIL,183
Rafael,Tavares Gomes Fernandes,2002-06-28,Portugal,CB,RIGHT,63,74,48,37,49,47,63,64,2460000,312000,LIL,191
Maxima,Goffi,2008-01-23,France,CB,RIGHT,62,76,64,39,52,56,63,60,2730000,180000,LIL,180
Yvon,Landry Mvogo Nganoma,1994-06-06,Switzerland,GK,RIGHT,76,76,77,73,73,76,74,77,8820000,676000,LOR,189
Laurent,Abergel,1993-02-01,France,CDM,RIGHT,75,75,60,50,69,72,71,75,7480000,988000,LOR,170
Montassar,Omar Talbi,1998-05-26,Tunisia,CB,RIGHT,73,76,56,30,42,57,73,76,7820000,780000,LOR,190
Bamo,Abdoul Meïté,2001-12-03,Côte d'Ivoire,CB,RIGHT,73,78,51,33,47,57,75,72,10540000,1196000,LOR,183
Darlin,Zidane Yongwa Ngameni,2000-09-22,Cameroon,LB,LEFT,72,76,85,40,61,69,67,71,8610000,624000,LOR,174
Cheikh,Ahmadou Bamba Mbacké Dieng,2000-03-23,Senegal,ST,RIGHT,71,75,78,72,60,68,33,60,7290000,676000,LOR,178
Joel,Mugisha Mvuka,2002-11-12,Norway,RW,RIGHT,71,78,90,59,61,75,44,50,8130000,572000,LOR,178
Sambou,Soumano,2001-01-13,Senegal,ST,RIGHT,71,78,70,73,55,73,28,56,8130000,624000,LOR,182
Oluwatosin,Aiyegun,1998-06-26,Benin,ST,RIGHT,71,72,88,71,60,71,38,74,5170000,728000,LOR,179
Arthur,Avom Ebong,2004-12-15,Cameroon,CM,RIGHT,71,81,70,54,66,74,64,68,10760000,520000,LOR,173
Souleymane,Isaak Touré,2003-03-28,France,CB,RIGHT,71,79,65,30,51,55,69,84,8410000,572000,LOR,206
Mohamed,Bamba,2001-12-10,Côte d'Ivoire,ST,RIGHT,70,75,78,69,56,70,28,71,6420000,572000,LOR,185
Noah,Cadiou,1998-10-26,France,CDM,RIGHT,70,75,67,58,64,67,66,83,5130000,572000,LOR,191
Igor,Silva de Almeida,1996-08-21,Brazil,RB,RIGHT,70,70,74,54,63,73,66,62,4190000,624000,LOR,173
Bingourou,Kamara,1996-10-21,Senegal,GK,RIGHT,70,71,71,66,66,70,70,70,4380000,416000,LOR,196
Panos,KatserisΠάνος Κατσέρης,2001-07-05,Greece,RW,RIGHT,70,75,79,60,65,70,61,65,6420000,520000,LOR,175
Théo,Le Bris,2002-10-01,France,LW,RIGHT,69,79,64,51,70,70,63,53,6440000,468000,LOR,170
Dermane,Karim,2003-12-26,Togo,CDM,RIGHT,69,80,70,56,61,72,62,69,7960000,364000,LOR,166
Jean-Victor,Makengo,1998-06-12,France,CM,LEFT,69,70,58,65,68,70,70,67,3710000,520000,LOR,177
Benjamin,Leroy,1989-04-07,France,GK,RIGHT,68,68,65,67,67,66,69,69,1750000,208000,LOR,184
Abdoulaye,Faye,2004-09-22,Senegal,CB,LEFT,68,83,76,34,51,64,67,70,7560000,988000,LOR,191
Pablo,Pagis,2002-12-29,France,LW,RIGHT,68,79,67,66,60,71,22,59,5620000,416000,LOR,180
Nathaniel,Adjei,2002-08-21,Ghana,CB,RIGHT,67,76,77,25,45,58,67,70,4480000,364000,LOR,191
Arsène,Kan Guy Kouassi,2004-09-11,Burkina Faso,LB,LEFT,66,77,61,39,56,66,63,68,4850000,260000,LOR,178
Bandiougou,Fadiga,2001-01-15,France,CM,RIGHT,63,69,66,53,59,70,57,51,2090000,208000,LOR,178
Trevan,Sanusi,2007-04-25,England,LW,RIGHT,61,82,86,46,50,71,25,46,2760000,624000,LOR,178
Corentin,Tolisso,1994-08-03,France,CM,RIGHT,81,81,68,78,78,76,77,79,20190000,1560000,LYO,181
Malick,Martin Fofana,2005-03-31,Belgium,LW,RIGHT,78,86,86,69,70,82,40,48,32140000,884000,LYO,170
Dominik,Greif,1997-04-06,Slovakia,GK,RIGHT,78,81,77,78,78,76,77,77,17880000,780000,LYO,197
Nicolás,Alejandro Tagliafico,1992-08-31,Argentina,LB,LEFT,78,78,67,56,70,76,77,76,12290000,1196000,LYO,172
Moussa,Niakhaté,1996-03-08,Senegal,CB,LEFT,77,77,68,48,63,64,77,80,13350000,1144000,LYO,190
Pavel,Šulc,2000-12-29,Czechia,CAM,RIGHT,77,80,71,73,74,77,39,64,18940000,988000,LYO,175
Ainsley,Cory Maitland-Niles,1997-08-29,England,RB,RIGHT,77,77,77,65,73,76,72,74,13350000,1092000,LYO,180
Clinton,Mukoni Mata Pedro Lourenço,1992-11-07,Angola,CB,RIGHT,77,77,79,61,68,74,77,78,10410000,1144000,LYO,180
Orel,Johnson Mangala,1998-03-18,Belgium,CDM,RIGHT,77,79,68,58,72,79,72,73,14550000,1092000,LYO,178
Ernest,Nuamah Appiah,2003-11-01,Ghana,RW,LEFT,75,82,82,70,69,78,24,58,18910000,728000,LYO,178
Francis,Tanner James Tessmann,2001-09-24,United States,CDM,RIGHT,75,81,57,63,71,71,71,78,15220000,832000,LYO,188
Tyler,Scott Morton,2002-10-31,England,CDM,RIGHT,74,82,64,63,77,75,69,65,13810000,780000,LYO,185
Rémy,Descamps,1996-06-25,France,GK,LEFT,74,75,74,65,65,70,74,76,8490000,624000,LYO,196
Martín,Adrián Satriano Costa,2001-02-20,Uruguay,ST,RIGHT,74,78,63,74,62,72,34,69,11980000,1092000,LYO,187
Rachid,Ghezzal,1992-05-09,Algeria,RW,LEFT,74,74,68,71,75,77,32,58,4710000,988000,LYO,182
Abner,Vinícius da Silva Santos,2000-05-27,Brazil,LB,LEFT,74,77,79,58,72,74,68,65,11530000,832000,LYO,182
Adam,Karabec,2003-07-02,Czechia,CAM,LEFT,71,78,73,65,69,74,34,64,9750000,624000,LYO,187
Afonso,Bastardo Moreira,2005-03-19,Portugal,LW,RIGHT,67,77,81,59,61,73,42,52,5550000,312000,LYO,176
Ruben,Caine Kluivert,2001-05-21,Netherlands,CB,RIGHT,67,76,71,31,53,56,67,69,4480000,364000,LYO,187
Khalis,Merah,2007-02-24,France,CAM,RIGHT,66,80,64,51,66,72,56,42,5290000,260000,LYO,175
Achraf,Laâziri,2003-07-08,Morocco,LB,LEFT,65,74,74,48,61,66,58,55,3860000,208000,LYO,177
Lassine,Diarra,2002-11-11,Mali,GK,RIGHT,64,74,65,58,58,60,63,66,2810000,180000,LYO,190
Enzo,Anthony Honoré Molebe,2007-09-18,France,ST,RIGHT,64,79,78,63,50,71,19,60,3900000,180000,LYO,178
Alejandro,Jesús Gomes Rodríguez,2008-03-11,England,ST,RIGHT,64,79,70,63,53,64,20,57,3900000,180000,LYO,176
Téo,Barišić,2004-09-30,Croatia,RB,RIGHT,63,76,66,40,57,58,62,62,3130000,180000,LYO,185
Mathys,De Carvalho,2005-05-01,France,CDM,RIGHT,63,77,57,54,60,59,60,59,3220000,180000,LYO,183
Harold,Voyer,1997-03-26,France,CB,LEFT,67,68,58,27,48,50,67,70,2670000,180000,LEM,186
Baptiste,Guillaume,1995-06-16,Belgium,ST,RIGHT,67,67,58,66,57,66,31,74,1990000,180000,LEM,190
Edwin,Quarshie,1995-10-25,France,CDM,RIGHT,66,66,51,37,53,60,66,59,2160000,180000,LEM,179
Dame,Gueye,1995-08-12,Senegal,ST,RIGHT,66,66,57,68,44,66,23,49,2160000,180000,LEM,176
Samuel,Rodrigue Wouahi Yohou,1991-08-06,Côte d'Ivoire,CB,RIGHT,65,65,56,34,47,51,66,76,1060000,180000,LEM,190
Antoine,Rabillard,1995-09-22,France,ST,RIGHT,65,65,63,64,51,65,27,58,1830000,180000,LEM,180
Taylor,Luvambo,1999-07-05,France,RW,RIGHT,65,66,86,54,60,68,60,66,2390000,180000,LEM,180
Milan,Robin,1999-11-24,France,RW,RIGHT,65,68,69,62,60,66,53,63,2600000,180000,LEM,186
Nicolas,Kocik,1998-08-04,France,GK,RIGHT,65,68,62,63,63,64,66,67,2080000,180000,LEM,193
Lucas,Buadés,1997-12-28,France,RB,RIGHT,65,66,71,56,57,64,60,64,1910000,180000,LEM,180
Théo,Eyoum,2002-01-07,France,CB,RIGHT,64,71,58,28,41,48,65,67,2550000,180000,LEM,184
Isaac,Cossier,2006-11-30,France,CB,RIGHT,63,77,58,28,48,51,63,58,3220000,208000,LEM,186
Anthony,Ribelin,1996-04-08,France,RB,RIGHT,63,63,73,57,63,62,56,67,1320000,180000,LEM,177
Alexandre,Lauray,1997-03-18,France,CDM,RIGHT,63,63,68,44,57,59,63,59,1320000,180000,LEM,175
Lucas,Calodat,2002-02-06,France,LB,LEFT,63,72,77,53,56,64,55,64,2310000,180000,LEM,171
Jean,Vercruysse,2000-07-03,France,CM,RIGHT,63,67,65,61,68,64,49,66,1940000,180000,LEM,185
Diockoumalang,Gomes,2005-05-28,France,CDM,RIGHT,63,78,59,34,54,61,61,60,3310000,180000,LEM,175
Leroy,Abanda Mfomo,2000-06-07,France,LB,LEFT,62,65,78,38,54,59,55,67,1580000,180000,LEM,176
Amadou,Cissé,2006-02-27,Guinea,CB,RIGHT,62,72,59,22,37,39,64,60,2420000,364000,LEM,183
Erwan,Colas,1997-04-22,France,LW,RIGHT,62,62,67,63,50,66,21,50,1110000,180000,LEM,179
Martin,Rossignol,2003-11-03,France,CM,RIGHT,62,70,60,58,62,65,43,46,2270000,180000,LEM,171
Brice,Oggad,1997-05-22,France,LW,RIGHT,60,60,58,63,51,64,21,55,800000,180000,LEM,182
Ewan,Hatfout,2000-04-01,France,GK,RIGHT,60,63,61,57,57,60,63,62,1140000,180000,LEM,193
Noa,Boissé,2006-01-20,France,RB,RIGHT,58,65,55,26,45,53,57,52,1130000,180000,LEM,170
Augustin,Delbecque,2002-02-03,France,GK,RIGHT,57,61,56,51,51,59,62,59,720000,180000,LEM,187
William,Harhouz,1999-12-30,France,ST,RIGHT,57,60,65,57,46,53,19,62,690000,180000,LEM,191
Benjamin,Pavard,1996-03-28,France,CB,RIGHT,84,84,75,67,76,75,86,79,42530000,2652000,OM,186
Pierre-Emile,Kordt Højbjerg,1995-08-05,Denmark,CDM,RIGHT,82,82,49,73,78,74,78,80,30540000,2808000,OM,187
Mason,Will John Greenwood,2001-10-01,England,RW,LEFT,82,86,83,83,77,83,37,63,45050000,2444000,OM,181
Gerónimo,Rulli,1992-05-20,Argentina,GK,RIGHT,82,82,82,80,80,77,81,83,17710000,1820000,OM,189
Pierre-Emerick,Emiliano François Aubameyang,1989-06-18,Gabon,ST,RIGHT,81,81,82,83,72,78,36,63,15010000,2236000,OM,187
Nayef,Aguerd,1996-03-30,Morocco,CB,LEFT,81,82,72,50,67,65,82,77,27050000,4160000,OM,190
Leonardo,Julián Balerdi Rossa,1999-01-26,Argentina,CB,RIGHT,81,84,77,46,65,69,82,79,29380000,2496000,OM,187
Igor,Guilherme Barbosa da Paixão,2000-06-28,Brazil,LW,RIGHT,80,83,83,80,75,81,32,70,31120000,2340000,OM,168
Facundo,Axel Medina,1999-05-28,Argentina,CB,LEFT,79,83,74,44,70,72,79,81,21930000,1612000,OM,184
Amine,Ferid Gouiri,2000-02-16,Algeria,ST,RIGHT,79,84,77,82,76,80,45,71,28460000,2392000,OM,181
Matthew,Sean O'Riley,2000-11-21,Denmark,CAM,LEFT,78,83,68,78,79,76,67,73,24120000,3744000,OM,188
Geoffrey,Edwin Kondogbia,1993-02-15,Central African Republic,CB,LEFT,78,78,65,69,73,71,78,81,12290000,2080000,OM,188
Emerson,Palmieri dos Santos,1994-08-03,Italy,LB,LEFT,77,77,69,63,75,76,74,65,10410000,1976000,OM,176
Timothy,Tarpeh Weah,2000-02-22,United States,RW,RIGHT,77,78,87,75,72,78,68,65,17440000,4472000,OM,182
Arthur,Denis Vermeeren,2005-02-07,Belgium,CM,RIGHT,77,87,70,55,77,79,68,66,29040000,1820000,OM,177
Hamed,Junior Traoré,2000-02-16,Côte d'Ivoire,LW,RIGHT,77,80,78,70,72,80,57,61,18940000,3172000,OM,177
Michael,Amir Murillo Bermúdez,1996-02-11,Panama,RB,RIGHT,76,76,84,57,70,71,70,76,11310000,1820000,OM,184
Adilson,Angel Abreu de Almeida Gomes,2000-08-31,England,CAM,RIGHT,76,81,69,70,75,79,72,67,17320000,1612000,OM,166
Conrad,Jaden Egan-Riley,2003-01-02,England,CB,RIGHT,75,82,76,32,61,67,75,78,15760000,1456000,OM,183
Ulisses,Alexandre Garcia Lopes,1996-01-11,Switzerland,LB,LEFT,75,75,79,49,66,71,70,74,9590000,1716000,OM,182
Neal,Maupay,1996-08-14,France,ST,RIGHT,75,75,67,76,68,75,42,71,9590000,1976000,OM,174
Pol,Mikel Lirola Kosok,1997-08-13,Spain,RB,RIGHT,73,73,72,61,69,69,69,66,6890000,1404000,OM,183
Rubén,Blanco Veiga,1995-07-25,Spain,GK,RIGHT,73,74,76,73,73,72,70,74,7200000,936000,OM,188
Jeffrey,de Lange,1998-04-01,Netherlands,GK,RIGHT,73,76,73,74,74,69,73,73,7820000,884000,OM,190
Bilal,Nadir,2003-11-28,Morocco,CM,LEFT,71,79,56,64,68,73,59,65,10090000,884000,OM,179
Robinio,Vaz,2007-02-17,France,ST,RIGHT,64,82,79,61,54,65,28,55,4210000,364000,OM,186
Darryl,Bakola,2007-11-30,France,CAM,RIGHT,63,80,64,56,60,68,51,66,3480000,260000,OM,178
François,Régis Mughe,2004-06-16,Cameroon,RW,RIGHT,63,71,87,59,56,64,35,54,2680000,312000,OM,173
Keyliane,Hikram Abdallah,2006-04-05,France,RW,LEFT,62,74,76,56,57,64,25,45,2580000,260000,OM,185
Jelle,Van Neck,2004-03-07,Belgium,GK,RIGHT,61,74,64,56,56,59,55,64,2250000,180000,OM,191
Yanis,Sellami,2007-01-04,Algeria,CM,RIGHT,61,76,56,51,65,66,45,46,2370000,260000,OM,178
Théo,Vermot,1997-01-27,France,GK,RIGHT,59,61,62,61,61,54,56,64,740000,208000,OM,190
Denis,Lemi Zakaria Lako Lado,1996-11-20,Switzerland,CDM,RIGHT,82,83,80,67,74,77,80,85,31920000,2340000,ASM,190
Lukáš,Hrádecký,1989-11-24,Finland,GK,RIGHT,81,81,83,64,64,79,81,83,15010000,832000,ASM,192
Maghnes,Akliouche,2002-02-25,France,RW,LEFT,80,86,74,70,78,83,48,62,34820000,1768000,ASM,183
Jan,Thilo Kehrer,1996-09-21,Germany,CB,RIGHT,79,80,69,44,66,66,80,77,19420000,1924000,ASM,186
Eric,Jeremy Edgar Dier,1994-01-15,England,CB,RIGHT,79,79,54,62,67,62,80,82,14500000,1924000,ASM,191
Paul,Labile Pogba,1993-03-15,France,CM,RIGHT,79,79,64,76,81,83,60,78,14500000,1976000,ASM,191
Aleksandr,Golovin,1996-05-30,Russia,LW,RIGHT,79,79,73,76,79,82,61,66,18590000,1976000,ASM,178
Mika,Miles Biereth,2003-02-08,Denmark,ST,RIGHT,78,85,75,78,63,72,31,76,25890000,1664000,ASM,187
Takumi,Minamino南野 拓実,1995-01-16,Japan,LW,RIGHT,78,78,77,74,75,81,40,64,12290000,1820000,ASM,172
Folarin,Jolaoluwa Jerry Balogun,2001-07-03,United States,ST,RIGHT,77,82,84,77,62,77,23,68,20440000,1560000,ASM,178
Philipp,François Köhn,1998-04-02,Switzerland,GK,RIGHT,77,80,78,69,69,74,75,78,15150000,988000,ASM,190
Lamine,Camara,2004-01-01,Senegal,CM,RIGHT,77,85,79,66,78,77,71,69,27230000,1196000,ASM,173
Caio,Henrique Oliveira Silva,1997-07-31,Brazil,LB,LEFT,77,77,78,58,77,77,72,66,13350000,1560000,ASM,178
Vanderson,de Oliveira Campos,2001-06-21,Brazil,RB,RIGHT,77,83,78,62,74,77,72,71,21190000,1352000,ASM,173
Jordan,Teze,1999-09-30,Netherlands,RB,RIGHT,76,80,77,49,69,69,76,77,16690000,1404000,ASM,183
Mohamed,Salisu Abdul Karim,1999-04-17,Ghana,CB,LEFT,76,81,59,36,50,54,77,80,13860000,1456000,ASM,191
Simon,Adingra,2002-01-01,Côte d'Ivoire,RW,RIGHT,76,83,87,70,70,80,30,52,18600000,2288000,ASM,175
Christian,Mawissa Elebi,2005-04-18,France,CB,LEFT,75,84,79,31,57,64,75,74,20210000,988000,ASM,184
Anssumane,Fati Vieira,2002-10-31,Spain,LW,RIGHT,75,82,81,72,72,78,30,53,15760000,2912000,ASM,178
Krépin,Diatta,1999-02-25,Senegal,RW,RIGHT,74,75,88,69,67,76,57,67,8490000,1352000,ASM,175
Kassoum,Ouattara,2004-10-14,France,LB,LEFT,72,80,77,44,65,69,66,68,11900000,780000,ASM,176
George,Osrzehmen Ilenikhena,2006-08-16,Nigeria,ST,LEFT,72,82,79,71,56,71,26,62,12690000,832000,ASM,185
Stanis,Idumbo Muzambo,2005-06-29,Belgium,CAM,RIGHT,67,82,78,61,61,69,27,56,6410000,468000,ASM,171
Paris,Josua Brunner,2006-02-15,Germany,ST,RIGHT,66,79,67,67,54,68,27,59,5140000,416000,ASM,185
Yann,François Lienard,2003-03-16,France,GK,RIGHT,65,75,65,60,60,61,63,66,3320000,208000,ASM,194
Aladji,Bamba,2006-07-14,France,CDM,RIGHT,65,79,60,53,60,59,62,67,4480000,260000,ASM,194
Mamadou,Coulibaly,2004-04-21,France,CM,LEFT,64,77,59,53,61,64,59,54,3690000,312000,ASM,179
Lucas,Michal,2005-06-22,France,LW,RIGHT,64,80,74,58,58,68,23,37,4010000,312000,ASM,172
Jules,Stawiecki,2007-04-10,France,GK,LEFT,60,77,60,56,56,58,58,62,2120000,180000,ASM,186
Jonathan,Clauss,1992-09-25,France,RB,RIGHT,80,80,85,69,76,78,73,69,17110000,1768000,NIC,178
Melvin,Michel Maxence Bard,2000-11-06,France,LB,LEFT,78,82,78,52,69,74,75,76,23240000,1248000,NIC,173
Yehvann,Diouf,1999-11-16,Senegal,GK,RIGHT,78,83,78,76,76,75,76,80,24120000,832000,NIC,190
Dante,Bonfim da Costa Santos,1983-10-18,Brazil,CB,LEFT,78,78,32,52,69,65,80,75,9140000,988000,NIC,188
Charles,Vanhoutte,1998-09-16,Belgium,CDM,RIGHT,77,80,55,65,76,72,73,78,15150000,1352000,NIC,182
Hicham,Boudaoui,1999-09-23,Algeria,CM,RIGHT,77,80,73,67,74,77,74,76,18940000,1352000,NIC,175
Youssouf,Ndayishimiye,1998-10-27,Burundi,CB,RIGHT,77,82,68,49,68,72,77,80,16350000,1352000,NIC,183
Jérémie,Boga,1997-01-03,Côte d'Ivoire,LW,RIGHT,76,76,85,69,72,81,39,64,11310000,1456000,NIC,172
Morgan,Sanson,1994-08-18,France,CM,RIGHT,76,76,62,73,77,76,70,74,8820000,1352000,NIC,180
Moïse,Bombito Lumpungu,2000-03-30,Canada,CB,RIGHT,76,83,93,49,58,65,75,76,18600000,1196000,NIC,191
Mohamed-Ali,Cho,2004-01-19,France,LW,LEFT,76,83,80,70,69,78,26,59,22320000,1092000,NIC,181
Ali,Abdi,1993-12-20,Tunisia,LB,LEFT,76,76,86,62,70,73,69,75,8820000,1300000,NIC,183
Sofiane,Diop,2000-06-09,Morocco,LW,RIGHT,76,79,77,69,75,80,54,53,16050000,1352000,NIC,175
Terem,Igobor Moffi,1999-05-25,Nigeria,ST,LEFT,75,78,82,75,54,71,26,73,10880000,1352000,NIC,188
Mohamed,Abdelmonem,1999-02-01,Egypt,CB,RIGHT,74,79,62,40,63,61,74,74,9950000,1092000,NIC,183
Tanguy,Ndombélé Alvaro,1996-12-28,France,CM,RIGHT,74,74,56,68,76,81,66,67,8130000,1196000,NIC,181
Maxime,Dupé,1993-03-04,France,GK,RIGHT,74,74,76,72,72,73,71,74,6340000,780000,NIC,188
Salis,Abdul Samed,2000-03-26,Ghana,CDM,RIGHT,73,75,58,49,63,69,71,77,9380000,988000,NIC,179
Tiago,Maria Antunes Gouveia,2001-06-18,Portugal,RW,RIGHT,73,79,83,68,67,75,44,56,10930000,676000,NIC,176
Abdulai,Juma Bah,2006-04-11,Sierra Leone,CB,RIGHT,72,83,66,25,53,53,73,75,13090000,2132000,NIC,195
Tom,Alexis Louchet,2003-05-04,France,RW,RIGHT,72,81,70,63,69,72,63,59,10250000,832000,NIC,178
Kevin,Carlos Omoruyi Benjamin,2001-04-10,Spain,ST,RIGHT,72,79,66,73,52,71,27,83,9590000,936000,NIC,186
Isak,Jansson,2002-01-31,Sweden,LW,RIGHT,71,78,85,67,60,75,41,68,8130000,832000,NIC,174
Antoine,Mendy,2004-05-27,Senegal,CB,RIGHT,70,80,64,41,55,63,71,72,9120000,520000,NIC,187
Kojo,Peprah Oppong,2004-06-04,Ghana,CB,RIGHT,68,78,74,25,44,55,68,71,6550000,416000,NIC,185
Gabin,Bernardeau,2006-01-24,France,CAM,LEFT,66,78,66,59,63,71,29,59,4990000,312000,NIC,181
Bartosz,Żelazowski,2005-04-25,Poland,GK,RIGHT,62,77,63,62,62,60,61,60,2800000,180000,NIC,193
Bernard,Nguene,2006-08-04,Cameroon,ST,RIGHT,60,77,75,58,47,62,23,59,2120000,180000,NIC,178
Kevin,Christian Trapp,1990-07-08,Germany,GK,RIGHT,81,81,82,74,74,80,76,84,15010000,2028000,PFC,189
Hamari,Traoré,1992-01-27,Mali,RB,RIGHT,79,79,82,57,72,75,74,78,10780000,2756000,PFC,175
Pierre,Lees-Melou,1993-05-25,France,CDM,RIGHT,78,78,57,72,77,77,73,73,12290000,2496000,PFC,186
Moses,Daddy-Ajala Simon,1995-07-12,Nigeria,LW,RIGHT,77,77,89,71,70,82,36,62,13350000,2444000,PFC,168
Nanitamo,Jonathan Ikoné,1998-05-02,France,RW,LEFT,76,76,85,67,72,80,35,56,11310000,2184000,PFC,175
Ilan,Kais Kebbal,1998-07-10,Algeria,RW,LEFT,76,76,76,70,72,80,24,52,11310000,2184000,PFC,169
Maxime,Baila Lopez,1997-12-04,France,CM,RIGHT,76,77,64,69,77,79,65,54,11820000,2184000,PFC,167
Otávio,Ataíde da Silva,2002-04-21,Brazil,CB,LEFT,75,81,73,42,53,62,75,79,15220000,1716000,PFC,187
Jean-Philippe,Krasso,1997-07-17,Côte d'Ivoire,ST,LEFT,74,74,65,73,64,72,21,70,8130000,2080000,PFC,187
Obed,Nkambadio,2003-02-07,France,GK,RIGHT,73,81,73,67,67,70,71,76,11710000,832000,PFC,190
Mathieu,Cafaro,1997-03-25,France,LW,RIGHT,73,73,74,68,70,75,47,65,6890000,1820000,PFC,178
Mamadou,Moustapha Mbow,2000-03-08,Senegal,CB,RIGHT,72,76,62,36,52,60,72,76,8610000,1456000,PFC,192
Thibault,De Smet,1998-06-05,Belgium,LB,LEFT,72,73,66,52,64,68,68,72,6100000,1508000,PFC,183
Willem,Davnis Louis Didier Geubbels,2001-08-16,France,ST,RIGHT,72,79,79,72,60,72,27,67,9590000,1508000,PFC,185
Adama,Mohamed Camara,1996-10-18,France,CM,RIGHT,71,71,61,65,67,71,66,57,4950000,1508000,PFC,180
Vincent,Marchetti,1997-07-04,France,CM,LEFT,70,70,61,57,69,69,67,71,4190000,1300000,PFC,178
Alimami,Gory,1996-08-30,France,ST,RIGHT,69,69,87,64,59,71,25,60,3550000,1248000,PFC,182
Timothée,Christian Kolodziejczak,1991-10-01,France,CB,LEFT,69,69,54,39,64,59,69,71,2060000,1144000,PFC,183
Lohann,Doucet,2002-09-14,France,CDM,RIGHT,68,75,61,50,63,66,62,66,4950000,832000,PFC,180
Tuomas,Ollila,2000-04-25,Finland,LB,LEFT,68,73,79,57,64,63,63,66,4610000,936000,PFC,174
Julien,Yves Rémi Lopez Baila,1992-03-01,Algeria,CAM,RIGHT,67,67,70,64,65,69,42,48,1480000,936000,PFC,173
Nouha,Dicko,1992-05-14,Mali,ST,RIGHT,67,67,74,66,60,67,33,69,1480000,988000,PFC,174
Rémy,Riou,1987-08-06,France,GK,RIGHT,67,67,66,64,64,66,68,67,1480000,364000,PFC,191
Pierre-Yves,Hamel,1994-02-03,France,ST,RIGHT,67,67,45,69,54,64,27,63,1990000,988000,PFC,189
Nhoa,Ryan Sangui,2006-02-27,France,LB,LEFT,67,79,77,44,60,67,61,59,5890000,572000,PFC,178
Samir,Sophian Chergui,1999-02-06,France,CB,RIGHT,67,70,48,43,64,63,66,66,2890000,832000,PFC,185
Sofiane,Alakouch,1998-07-29,Morocco,RB,RIGHT,65,66,65,43,60,64,62,61,1910000,624000,PFC,175
Mamadou,Lamine Gueye,1998-03-13,Senegal,RW,RIGHT,64,64,69,64,62,65,24,52,1550000,572000,PFC,178
Andy,Pembélé,2000-07-04,France,RW,RIGHT,62,65,82,53,54,64,33,53,1580000,416000,PFC,180
Masour,Ousmane Dembélé,1997-05-15,France,ST,LEFT,90,90,91,88,83,93,50,69,114800000,11440000,PSG,178
Achraf,Hakimi Mouh,1998-11-04,Morocco,RB,RIGHT,89,90,92,79,82,83,82,79,101670000,8840000,PSG,181
Vítor,Machado Ferreira,2000-02-13,Portugal,CM,RIGHT,89,91,72,80,86,90,75,70,132550000,8840000,PSG,172
Khvicha,Kvaratskheliaხვიჩა კვარაცხელია,2001-02-12,Georgia,LW,RIGHT,87,90,86,80,83,88,58,78,99130000,7280000,PSG,183
Marcos,Aoás Corrêa,1994-05-14,Brazil,CB,RIGHT,87,87,78,56,75,74,89,80,54500000,7540000,PSG,183
Willian,Joel Pacho Tenorio,2001-10-16,Ecuador,CB,LEFT,86,89,80,34,62,62,86,86,84010000,5720000,PSG,188
Nuno,Alexandre Tavares Mendes,2002-06-19,Portugal,LB,LEFT,86,89,95,65,76,82,80,77,84010000,5720000,PSG,180
João,Pedro Gonçalves Neves,2004-09-27,Portugal,CM,RIGHT,85,90,74,71,80,84,82,83,92210000,4680000,PSG,174
Fabián,Ruiz Peña,1996-04-03,Spain,CM,LEFT,85,85,61,77,80,81,75,72,50180000,6760000,PSG,189
Désiré,Doué,2005-06-03,France,RW,RIGHT,85,91,83,80,77,90,55,74,95590000,5200000,PSG,181
Bradley,Barcola,2002-09-02,France,LW,RIGHT,84,88,90,77,78,84,39,66,62720000,5720000,PSG,188
Lucas,Chevalier,2001-11-06,France,GK,RIGHT,83,88,84,73,73,79,80,86,55180000,2600000,PSG,189
Lucas,François Bernard Hernández Pi,1996-02-14,France,CB,LEFT,81,81,71,54,72,70,82,77,25880000,4628000,PSG,184
Warren,Zaïre-Emery,2006-03-08,France,CM,RIGHT,80,87,79,68,76,79,75,79,43260000,3016000,PSG,178
Gonçalo,Matias Ramos,2001-06-20,Portugal,ST,RIGHT,80,84,73,79,64,77,48,79,32350000,4108000,PSG,185
Illia,Zabarnyi,2002-09-01,Ukraine,CB,RIGHT,79,84,80,37,64,64,80,78,28460000,3380000,PSG,189
Kang-in,Lee이강인,2001-02-19,Korea Republic,RW,LEFT,79,84,72,75,80,82,50,64,28460000,3848000,PSG,173
Matvey,Safonov,1999-02-25,Russia,GK,RIGHT,78,82,79,75,75,74,77,80,18590000,2236000,PSG,192
Lucas,Lopes Beraldo,2003-11-24,Brazil,CB,LEFT,78,84,66,38,66,68,79,75,30010000,2548000,PSG,182
Senny,Mayulu,2006-05-17,France,CM,LEFT,75,85,75,68,73,78,57,55,20850000,2132000,PSG,183
Ibrahim,Mbaye,2008-01-24,France,RW,RIGHT,68,83,77,60,60,72,25,45,7560000,884000,PSG,176
Renato,Bellucci Marin,2006-07-10,Italy,GK,LEFT,62,78,63,65,65,61,60,61,2880000,208000,PSG,193
Noham,Kamara,2007-01-22,France,CB,RIGHT,62,80,63,44,56,58,63,55,3030000,416000,PSG,185
Brice,Lauriche Samba,1994-04-25,France,GK,LEFT,80,80,78,80,80,80,80,80,17110000,1144000,REN,187
Valentin,Rongier,1994-12-07,France,CDM,RIGHT,79,79,62,66,75,78,74,78,14500000,1664000,REN,174
Mahdi,Camara,1998-06-30,France,CM,RIGHT,78,79,74,68,74,77,77,76,16460000,1508000,REN,179
Breel,Donald Embolo,1997-02-14,Switzerland,ST,RIGHT,77,77,78,75,70,75,51,80,13350000,1612000,REN,187
Seko,Mohamed Fofana,1995-05-07,Côte d'Ivoire,CM,RIGHT,77,77,68,75,74,76,71,80,10410000,1456000,REN,185
Ludovic,Blas,1997-12-31,France,RW,LEFT,77,77,72,77,76,79,58,64,13350000,1404000,REN,180
Lilian,Brassier,1999-11-02,France,CB,LEFT,76,80,67,37,63,69,76,76,16690000,1196000,REN,186
Anthony,Rouault,2001-05-29,France,CB,RIGHT,76,81,59,30,61,61,77,74,17320000,1092000,REN,186
Quentin,Merlin,2002-05-16,France,LB,LEFT,76,82,74,59,75,76,73,64,17960000,1092000,REN,174
Hans,Hateboer,1994-01-09,Netherlands,CB,RIGHT,76,76,76,63,71,75,75,74,8820000,1300000,REN,187
Estéban,Lepaul,2000-04-18,France,ST,RIGHT,75,80,75,75,60,74,36,68,14680000,1300000,REN,177
Jérémy,Jacquet,2005-07-13,France,CB,RIGHT,75,84,64,38,57,61,75,76,20210000,832000,REN,188
Mousa,Mohammad Mousa Sulaiman Al Tamari,1997-06-10,Jordan,RW,LEFT,75,75,89,69,67,80,38,63,9590000,1300000,REN,178
Przemysław,Frankowski,1995-04-12,Poland,RB,RIGHT,75,75,87,71,74,75,69,71,7480000,2132000,REN,175
Alidu,Seidu,2000-06-04,Ghana,CB,RIGHT,74,80,61,43,61,70,75,67,12900000,1040000,REN,173
Glen,Adjei Kamara,1995-10-28,Finland,CDM,RIGHT,74,74,75,58,68,77,69,75,8130000,1144000,REN,181
Gauthier,Gallon,1993-04-23,France,GK,RIGHT,73,73,74,72,72,71,73,75,5370000,676000,REN,187
Djaoui,Cissé,2004-01-31,France,CM,RIGHT,73,84,63,69,68,75,67,67,15440000,780000,REN,188
Mohamed,Kader Meïté,2007-10-11,France,ST,RIGHT,70,83,65,71,53,67,24,69,9960000,468000,REN,192
Abdelhamid,Ait Boudlal,2006-04-16,Morocco,CB,RIGHT,68,81,68,30,49,50,67,71,7160000,416000,REN,190
Mahamadou,Aboubakar Nagida,2005-06-28,Cameroon,LB,LEFT,66,80,77,45,57,67,61,55,5290000,312000,REN,176
Emmanuel,Esseh Emegha,2003-02-03,Netherlands,ST,LEFT,78,83,89,76,58,70,31,79,24120000,2600000,STR,195
Benjamin,James Chilwell,1996-12-21,England,LB,LEFT,77,77,70,60,77,75,76,68,13350000,2548000,STR,180
Guéla,Doué,2002-10-17,Côte d'Ivoire,RB,RIGHT,77,82,72,47,70,72,74,78,20440000,2080000,STR,187
Diego,Manuel Jadon da Silva Moreira,2004-08-06,Belgium,LW,LEFT,77,83,90,67,69,79,64,68,25430000,1872000,STR,179
Mamadou,Sarr,2005-08-29,France,CB,RIGHT,76,84,66,30,56,57,77,73,23080000,2964000,STR,194
Ismaël,Landry Doukouré,2003-07-24,France,CB,RIGHT,76,82,64,42,63,65,76,76,21550000,1664000,STR,183
Algot,Sebastian Nanasi,2002-05-16,Sweden,CAM,RIGHT,76,83,70,65,74,80,32,64,18600000,2080000,STR,178
Félix,Lemaréchal,2003-08-07,France,CAM,RIGHT,76,82,63,70,74,77,62,68,21550000,1768000,STR,180
Valentín,Barco,2004-07-23,Argentina,LB,LEFT,75,83,76,50,75,78,68,61,19560000,1560000,STR,170
Joaquín,Panichelli,2002-10-07,Argentina,ST,RIGHT,74,83,68,75,62,70,27,79,14270000,1976000,STR,190
Andrew,Abiola Omobamidele,2002-06-23,Republic of Ireland,CB,RIGHT,73,78,69,27,52,56,73,75,10540000,1560000,STR,188
Mike,Louis Penders,2005-07-31,Belgium,GK,LEFT,73,84,77,76,76,72,69,75,15440000,1092000,STR,200
Ray,Kendry Páez Andrade,2007-05-04,Ecuador,CAM,LEFT,73,85,79,68,69,75,43,54,15910000,2392000,STR,178
Julio,César Enciso Espínola,2004-01-23,Paraguay,CAM,RIGHT,73,84,74,72,70,78,33,51,15440000,1456000,STR,173
Soumaïla,Coulibaly,2003-10-14,France,CB,LEFT,72,80,85,36,54,65,69,77,11900000,1196000,STR,191
Mathis,Amougou,2006-01-18,France,CM,RIGHT,72,82,71,57,68,74,67,68,12690000,1196000,STR,177
Abakar,Loubadhe Sylla,2002-12-25,Côte d'Ivoire,CB,LEFT,72,80,67,30,56,68,71,77,9920000,1404000,STR,188
Saïdou,Sow,2002-07-04,Guinea,CB,RIGHT,71,76,60,41,54,61,71,69,7570000,1300000,STR,185
Maximillian,Oyedele,2004-11-07,Poland,CM,RIGHT,70,79,70,58,66,69,69,67,8830000,1040000,STR,183
Karl-Johan,Anton Johnsson,1990-01-28,Sweden,GK,RIGHT,69,69,68,67,67,67,70,69,2060000,468000,STR,188
Samuel,Christian Osaze Amo-Ameyaw,2006-07-18,England,RW,LEFT,69,79,77,58,63,73,28,41,7720000,780000,STR,174
Lucas,Høgsberg,2006-06-23,Denmark,CB,RIGHT,69,82,67,31,56,61,69,71,8440000,780000,STR,187
Rabby,Nzingoula,2005-11-25,France,CDM,RIGHT,69,77,68,49,56,66,68,73,7250000,780000,STR,182
Eduard,Sobol,1995-04-20,Ukraine,LB,LEFT,69,69,73,64,66,68,66,69,2770000,1196000,STR,186
Abdoul,Guemissongui Ouattara,2005-10-22,Côte d'Ivoire,RW,RIGHT,68,78,74,57,63,70,41,62,6550000,780000,STR,178
Rafael,Filipe Gonçalves Soares Luís,2005-02-18,Portugal,CDM,LEFT,67,79,59,51,64,67,61,68,5890000,260000,STR,188
Samir,El Mourabet,2005-10-06,Morocco,CM,LEFT,66,77,57,51,63,64,59,61,4850000,572000,STR,186
Stefan,Bajić,2001-12-23,France,GK,RIGHT,65,74,66,65,65,65,64,65,3220000,312000,STR,191
Becket,Fabrice-Martial Godo,2003-03-14,Côte d'Ivoire,RW,RIGHT,65,75,73,59,59,68,35,47,3320000,572000,STR,169
Guillaume,Restes,2005-03-11,France,GK,LEFT,78,86,78,80,80,74,77,80,32140000,468000,TOU,188
Rasmus,Schmidt Nicolaisen,1997-03-16,Denmark,CB,LEFT,76,78,49,41,57,60,76,80,12330000,1196000,TOU,191
Yann-Alexandre,Gboho Gnantin,2001-01-14,France,CAM,RIGHT,75,81,79,69,70,79,36,63,15220000,1040000,TOU,178
Aron,Leonard Dønnum,1998-04-20,Norway,RW,LEFT,75,75,82,67,69,77,52,75,9590000,1144000,TOU,178
Mark,Alexander McKenzie,1999-02-25,United States,CB,RIGHT,74,79,80,36,50,64,73,78,9950000,1040000,TOU,184
Charlie,Richard Cresswell,2002-08-17,England,CB,RIGHT,74,81,54,30,51,57,74,75,13360000,884000,TOU,191
Cristian,Sleiker Cásseres Yépes,2000-01-20,Venezuela,CDM,RIGHT,74,79,77,64,68,72,74,74,12440000,988000,TOU,176
Djibril,Sidibé,1992-07-29,France,CB,RIGHT,74,74,63,55,69,67,76,73,6340000,1092000,TOU,183
Warren,Håkon Christofer Kamanzi,2000-11-11,Norway,RB,RIGHT,72,78,81,52,65,71,68,67,9260000,728000,TOU,177
Frank,Mario Magri,1999-09-04,Cameroon,ST,RIGHT,72,75,77,72,59,73,21,63,8280000,936000,TOU,178
Niklas,Uwe Schmidt,1998-03-01,Germany,CM,RIGHT,72,73,55,70,74,74,60,68,6100000,884000,TOU,184
Christian,Kjetil Haug,1998-06-12,Norway,GK,RIGHT,70,74,70,68,68,68,69,72,4950000,416000,TOU,191
Santiago,Hidalgo Massa,2005-02-17,Argentina,RW,LEFT,69,80,77,65,65,72,33,50,7960000,520000,TOU,175
Mario,Sauer,2004-05-15,Slovakia,CM,RIGHT,68,78,72,66,66,69,49,61,6550000,416000,TOU,180
Abu,Francis,2001-04-27,Ghana,CM,RIGHT,68,74,72,66,65,71,63,71,4780000,520000,TOU,184
Noah,Edjouma,2005-10-04,France,RW,RIGHT,66,79,69,65,61,67,28,51,5140000,312000,TOU,181
Alejandro,Domínguez Romero,1998-07-30,Spain,GK,RIGHT,66,70,67,65,65,65,63,67,2550000,260000,TOU,186
Emersonn,Correia da Silva,2004-07-16,Brazil,RW,RIGHT,65,79,76,64,56,68,30,64,4480000,312000,TOU,186
Julián,Vignolo,2006-12-07,Argentina,ST,RIGHT,65,77,74,65,55,64,29,62,4230000,260000,TOU,185
Rafik,Messali,2003-04-28,Algeria,RB,RIGHT,64,75,73,40,59,59,58,63,2900000,260000,TOU,177
Dayann,Methalie,2006-02-15,France,LB,LEFT,64,80,60,32,57,63,62,60,4010000,208000,TOU,186
Nicolas,Wasbauer,2004-07-04,France,CB,RIGHT,62,74,56,27,45,51,61,65,2580000,208000,TOU,186
Darris,Zema,2007-05-20,Algeria,RW,LEFT,62,76,69,55,62,70,35,43,2730000,208000,TOU,169
Noah,Lahmadi,2005-01-05,France,CM,RIGHT,62,72,62,56,60,63,55,57,2420000,208000,TOU,178
Seny,Koumbassa,2007-06-20,France,CB,RIGHT,61,75,57,32,41,39,61,65,2310000,180000,TOU,187
Alexis,Vossah,2008-03-11,France,CDM,LEFT,61,76,70,44,54,65,58,67,2370000,180000,TOU,181
Ilyas,Azizi,2008-04-13,France,LW,RIGHT,61,77,76,55,53,68,23,44,2440000,180000,TOU,173
Frédéric,Efuele Ngoyala,2005-02-20,Congo DR,CB,RIGHT,61,74,63,37,40,54,63,61,2250000,180000,TOU,180
Enzo,Faty,2007-03-09,France,ST,RIGHT,60,75,73,61,48,57,23,62,2010000,180000,TOU,183
Gaëtan,Bakhouche,2005-02-14,France,CB,LEFT,59,71,67,34,44,46,61,57,1570000,180000,TOU,186
Naïme,Saïd Mchindra,2005-05-28,Comoros,GK,RIGHT,58,70,60,56,56,58,53,62,1330000,180000,TOU,185
Nicolas,Lemaître,1997-01-12,France,GK,LEFT,70,72,70,67,67,69,69,71,4570000,180000,TRO,189
Adrien-Mehdi,Monfray,1990-12-20,France,CB,RIGHT,69,69,64,51,59,61,67,78,2060000,208000,TRO,185
Antoine,Mille,1997-08-14,France,CAM,LEFT,69,69,68,66,70,69,56,71,3550000,260000,TRO,181
Hugo,Gambor,2002-12-30,Central African Republic,RB,RIGHT,68,75,75,36,54,64,65,70,4950000,364000,TRO,186
Ismaël,Boura,2000-08-14,Comoros,LB,LEFT,68,73,80,47,58,70,63,68,4610000,180000,TRO,173
Yasser,Larouci,2001-01-01,Algeria,LB,LEFT,68,74,70,48,60,69,65,64,4780000,180000,TRO,176
Merwan,Ifnaoui,1998-10-22,France,CAM,LEFT,67,70,71,54,68,70,36,54,2890000,180000,TRO,178
Xavier,Chavalerin,1991-03-07,France,CM,LEFT,67,67,53,64,68,66,65,71,1480000,208000,TRO,179
Tawfik,Bentayeb,2002-01-14,Morocco,ST,LEFT,67,75,82,69,49,67,22,60,4340000,180000,TRO,179
Thierno,Baldé,2002-06-10,France,RB,RIGHT,66,74,76,48,59,67,62,63,3670000,180000,TRO,182
Mounaïm,El Idrissy,1999-02-10,France,ST,RIGHT,66,69,71,66,62,66,37,67,2450000,180000,TRO,181
Zacharie,Boucher,1992-03-07,France,GK,RIGHT,65,65,67,65,65,61,63,68,1060000,180000,TRO,181
Lucas,Maronnier,2000-03-09,France,LB,RIGHT,65,70,73,41,57,59,61,59,2810000,180000,TRO,172
Martin,Gabriel Belaïd Adeline,2003-12-02,France,CM,RIGHT,65,76,64,58,64,67,58,64,4110000,180000,TRO,180
Paolo,Gozzi Iweru,2001-04-25,Italy,LB,LEFT,64,71,73,27,45,45,63,70,2550000,180000,TRO,182
Mouhamed,Diop,2000-09-30,Senegal,CM,RIGHT,64,71,70,54,58,66,52,68,2550000,180000,TRO,182
Andreas,Bruus,1999-01-16,Denmark,RB,RIGHT,64,67,79,53,61,62,58,67,1760000,180000,TRO,184
Alexandre,Phliponeau,2000-01-26,France,CDM,RIGHT,64,69,44,43,62,61,59,65,2380000,180000,TRO,180
Yvann,Titi,2006-05-05,France,RB,RIGHT,63,78,58,28,50,50,64,57,3310000,180000,TRO,188
Kouadou,Jaurès Assoumou,2002-10-17,Côte d'Ivoire,ST,RIGHT,63,72,68,65,51,65,22,47,2310000,180000,TRO,182
Yored,Hillel Konaté,1994-12-28,Burkina Faso,GK,RIGHT,62,63,63,62,62,60,58,66,910000,180000,TRO,182
Noa,Cervantes,2003-04-16,Algeria,RW,LEFT,62,71,68,56,61,65,44,47,1960000,180000,TRO,178
Mathys,Detourbet,2007-04-29,France,ST,RIGHT,59,80,62,58,53,66,20,40,1980000,180000,TRO,175
Tom,Akpakoun,2005-04-22,France,CB,RIGHT,59,73,57,29,40,43,61,60,1660000,180000,TRO,174
Sankhoun,Bocoum Diawara,2006-01-13,France,CB,LEFT,59,74,60,34,38,39,58,66,1700000,180000,TRO,188
Ibrahim,Traoré,2006-03-12,France,LW,RIGHT,59,72,72,54,54,62,26,61,1610000,180000,TRO,182
Mathis,Hamdi,2003-10-18,France,LB,LEFT,58,70,58,29,42,50,57,55,1330000,180000,TRO,180
Anis,Ouzenadji,2006-11-04,France,LB,LEFT,58,72,72,45,54,58,54,46,1410000,180000,TRO,165
Aly,Sidibé,2005-01-25,France,RW,RIGHT,58,69,77,55,52,60,25,48,1290000,180000,TRO,177
Elijah,Odede,2007-01-12,Nigeria,LW,RIGHT,58,73,68,54,50,62,30,50,1440000,180000,TRO,175
Amadou,Diakité,2005-05-31,France,RW,LEFT,57,69,69,55,52,58,31,50,1130000,180000,TRO,177
Roman,Murcy,2006-02-23,Denmark,CM,RIGHT,57,68,62,44,56,57,51,56,1090000,180000,TRO,183
